sale_id,customer_id,customer_name,sale_date
1,419632ea-ce17-4b57-8187-719440f7a4e9,Dr. Kevin Jones,2023-06-11
2,385baf70-3cc5-402b-9b7b-886f9b632bb4,Anthony Clayton,2023-11-11
3,0a967991-dbbe-4e22-beac-166f8987eb21,Ronald Allen,2023-02-23
4,5bcb7300-ba60-412d-ae7f-b9de34dbb8d2,Aaron Kim,2023-06-17
5,ab8be525-cca6-4af1-8210-498e247d6de3,Rhonda Adams,2023-08-23
6,a88412da-5f3a-4ced-a8ef-66afbfad168f,Barbara Guerrero,2023-07-09
7,dcf18870-1cd7-4b9a-b914-51493f0b13a7,Cody Watts,2023-09-27
8,99917d9f-5378-41ed-975f-bafc15c3dc2f,Steve Hickman,2023-07-25
9,7fa60133-4ff1-43b0-8563-d0fcb3f79c6d,Jack Harris,2023-09-22
10,73032f04-c7f9-48b9-b0d0-833885e20155,Vincent Jones,2023-03-31
11,16ec2eb9-90ea-464a-a4cb-b446f62d8fde,Stephanie Miller,2023-03-09
12,6fec082e-5502-4865-9ba7-638670bfe809,John Wade,2023-09-05
13,9c4821a2-46fa-4acf-8468-c36682e2e6b6,Emily Avila,2023-05-08
14,5c2bf452-e0a3-4f4b-8040-07a2b958cbe9,Melanie Sims,2023-08-18
15,60999af6-a2cf-4e41-ab52-265d7ca6799f,Scott Haney,2023-02-05
16,b9ef319b-a316-4e52-be8e-666d22e04534,Jessica Edwards,2023-10-17
17,b14852ad-307c-40ca-9c3b-bd3f76543c62,Tyler Daniels,2023-04-05
18,194a476d-97c1-4121-89d6-ec4890a6f8fe,Dawn Rivera,2023-07-02
19,dbfc37d9-2d1d-48f4-809c-51bff2e8d2ba,Ricardo Castillo,2023-10-20
20,131a09d8-0540-42aa-9c8c-12ac1c2927b1,Erica Keith,2023-05-11
21,08d16e37-728a-439a-8469-8c56175530dc,Amanda Wheeler,2023-05-04
22,40faad0a-0262-46a1-ada5-2c5a68e99648,Kelly Mckay,2023-07-06
23,fe41389c-6aa6-4c77-85b0-e1d771a2cb62,James Hill,2023-10-08
24,0c846540-203f-448b-902d-50308d830695,Connie Patterson,2023-02-18
25,9ea27042-7159-45ba-bd1f-8dfd1aee26f4,Susan Edwards,2023-08-05
26,8efa3791-e056-4b53-96ef-7f0b4bbfcfc8,Jonathan Li,2023-06-04
27,b80ecd90-546d-46ca-b8da-506800439e06,Jason Rodriguez,2023-05-31
28,7333b711-9864-48e4-807b-558de5d4895b,Rebecca Clark,2023-07-11
29,bb2e6118-869c-42d0-8499-bf5b3106848f,Melissa Murphy,2023-02-14
30,aba03d12-3dce-47f2-b588-604facab80df,Erin White,2023-08-03
31,aa0f9a31-c28c-4725-a680-b97f381a13e4,Kathryn Burns,2023-01-10
32,3c6505bf-3ad2-4556-a96b-b62deb552504,Emma Sandoval,2023-03-03
33,c1aa6861-de80-44c4-8d35-aaf91d2a98f4,Scott Manning,2023-08-24
34,9e3a2950-b55b-4fa0-bc06-39d2adf3dafd,Kristy Hanson,2023-02-02
35,28d45af0-4c2b-45e2-9d82-bd058aebb2b1,Barbara Bates,2023-04-01
36,fd5fd587-ffcc-4e4f-8a52-5005ad4324f9,Andrew Barker Jr.,2023-07-22
37,0ea7fed2-d557-44a7-af8c-e65410678544,Anita Grant,2023-03-09
38,b48908ce-f7c0-4e95-abc3-017541bee74a,Kevin Jensen,2023-07-20
39,678cbd4e-c866-4640-b1d2-770f1983bbfa,Teresa King,2023-11-09
40,0abb3546-b46b-4a15-a093-9755aa651476,Jose Henry,2023-06-20
41,0a55cd3c-34ed-4d75-a4b9-139468bd230e,Sarah Wilcox,2023-10-17
42,37e8edf1-23d0-4a0e-a4c6-1215d1da5dc5,Mary Ford,2023-08-05
43,f78a339f-b850-4f2a-aa8b-a7b4d259e366,Ashley Baker,2023-07-03
44,9e67aef7-ce39-4fa8-bf5e-cef9192bb2c0,Todd Jones,2023-07-13
45,cb6253d2-0ea5-470d-a4a4-c433323fb3b1,Elizabeth Wagner,2023-04-14
46,0e3dfce2-e581-4aff-a77b-79386c75db04,Terry Skinner,2023-05-08
47,f3c71682-1cf8-4f7a-94c2-1bd3cd43201c,Shane Bell,2023-04-01
48,27ffa8c0-97f4-43ec-b080-859f2fe89950,Teresa Davis,2023-04-30
49,684c4ef1-6451-402d-bd0d-1cd33bc4c7fb,Nicholas Gardner,2023-08-11
50,5715f02d-c34f-4d1e-8b3a-1caace075fcf,Sydney Ford,2023-02-02
51,f5f6152a-9006-425a-aa2b-46e032c56951,Justin Parsons,2023-03-23
52,1434314b-155d-4cf9-9b47-27ca147d5b95,Erica Rivera,2023-02-24
53,aa8f87ba-1b78-4df6-a724-3201005076b8,Taylor Lynch,2023-04-21
54,44161eac-f770-4b66-a8f2-ae1099ee4573,Bianca Williams,2023-10-23
55,18b2d3e9-ced6-45f1-84d6-01a778ca47b4,Joshua Bolton,2023-04-07
56,40475773-3367-4823-8cf4-ad8455da5446,Alicia Reilly,2023-09-05
57,bbb0755a-79af-4314-97de-2fd725bb9a57,Traci Bradford,2023-08-17
58,c57b8dc4-4b19-41bd-bed0-01b119d9d6d7,Matthew Forbes,2023-02-22
59,27d927fc-d054-4723-96cd-ccce1011b234,Mr. Brian Hernandez,2023-06-02
60,5ced1a65-2402-4366-b0f6-bfa7533951f3,Amy Allen,2023-01-25
61,4ecf6397-d506-4994-a145-3746b7587190,Michelle Collins,2023-05-09
62,fc9d9aa5-525a-4ab2-b987-4a9f0afcedab,Ronnie Bass,2023-04-19
63,32aab5c8-8799-404f-9c20-0c9be4f60d3e,Jessica Burch,2023-06-19
64,d97bcc9d-cb55-4a30-8558-4513a231108a,Eric Parker,2023-05-24
65,d503f5f1-d807-4915-a0cd-3d789dd44e70,Nathan Reed,2023-02-09
66,9d49b24a-71f0-413a-8de0-eefc6f927712,Debra Hoover,2023-08-20
67,2cfdff89-ad84-4bff-af07-816eb0ec97dc,Clarence Stevens,2023-03-23
68,c341a789-a7f8-440c-b6a0-9a1aa1fee6b0,Kristin Owens,2023-09-17
69,01622d68-e065-44bf-acc2-55db130f51e8,Pamela Ward,2023-02-04
70,41fc24da-58c8-4a5d-879d-26d1cde8d753,Dennis Flores,2023-07-07
71,ba0bd172-90a0-4844-9616-f4b326f9576d,Matthew Daugherty II,2023-06-20
72,0ecd0fcf-101c-48dd-9d8e-6c72095e2866,Nicole Boyer,2023-08-19
73,63ae4c98-9ed7-49b0-b018-8a7188472ab8,James Gentry,2023-04-07
74,748aea32-e23e-4b7c-8282-2b03160f002a,Gerald Walter,2023-09-18
75,9f723573-cb67-415a-b93a-1577f6f14629,Matthew Figueroa,2023-06-10
76,ebd29c43-3103-45f7-a970-f100f94e5a2e,Frank Braun,2023-06-11
77,cf3c8bca-f2a9-4d0c-92bd-63699bba02ef,Larry Ramos,2023-01-03
78,546a0a26-049d-4ec1-b5f1-387ca50f9789,Richard Kim,2023-06-27
79,dc49192d-72d4-4911-92db-4d61c175685e,John Barr,2023-01-19
80,86a2f8fc-6af5-48c8-9192-666440cb9b50,Mrs. Mary Williams DDS,2023-04-29
81,bf667d67-2c22-4877-a296-190e5a6b4569,Sarah Mcclain,2023-03-06
82,c490a4c3-05bb-4b2b-b44f-58e94d4e83d8,Mary Howell,2023-09-30
83,6a1f4167-c36d-472f-af82-1e19472bfd4f,Natasha Frye,2023-07-27
84,c5dd72aa-008b-4c3f-9a98-158f51f4f4e4,Kristin Hernandez,2023-04-11
85,059d9c4c-f2c3-4d67-9285-5ba80b8d323c,Courtney Adkins,2023-05-16
86,298934b2-664d-46c7-be30-9c7bd87aad9a,Patricia Jordan,2023-10-12
87,cccdf47f-96a7-4060-b777-06a29f693c23,Melanie Thompson,2023-08-06
88,7557ca88-d563-49a9-9269-56e87a9a1cd6,Linda Watson,2023-05-14
89,28e4845b-dc80-4aae-9f96-aa194cf47450,Joshua Rose,2023-02-19
90,96c3f95d-043b-4a28-a359-af10f4137b2d,Heather Rogers,2023-03-09
91,d2a519ff-ebd0-48da-b3a2-58c5e21d2625,Bryan Crosby,2023-09-23
92,e7edabc6-8d9a-4363-9f1a-d54e6f08d53d,Karen Johnson,2023-02-09
93,c506f0de-3267-4018-ae9d-c12055f14490,Carolyn Andrews,2023-09-07
94,87de62fe-e907-4d6e-a226-7c52bb3ac87a,Eric Johnson,2023-01-19
95,a90e59bf-75c3-4e96-a81b-40cd5a055166,Jose Martin,2023-04-02
96,787d8c62-a824-4789-91bb-0a29ffe75b4b,Anthony Cole,2023-06-05
97,2a25c6ed-26ce-4f13-8428-9984f77662d5,Ashley Luna,2023-11-05
98,36f4f1df-9c89-42a2-adaa-69b2db0af149,Brian Kerr,2023-03-29
99,fb03fde5-fc56-4b69-8ee3-c1b0fa0e4b7a,Tonya Marshall,2023-04-25
100,35b0e8ba-54ed-4ae3-b72a-5463887ff21a,Tracy Mcpherson,2023-10-08
101,9bcccf75-30ba-4f99-82ef-b1c2ea5eef92,Anthony Olsen,2023-09-06
102,b90ef36b-b4bc-4048-88e7-d3309ee4cb82,David Ruiz,2023-07-09
103,8584e7f8-5b3a-449e-b75c-d1b5719ba7d3,Gina Simpson DVM,2023-04-18
104,c5b2aacf-367f-47d5-ac57-040b8dc9946e,Susan Jones,2023-10-17
105,0be537ee-c2e3-48b6-9c5e-62424c50b688,Joe Torres,2023-07-09
106,b36576e7-9291-41cf-b7e3-cde03c8339ba,Danielle Martinez,2023-05-01
107,bd86a373-91fc-4a43-ac43-90606cc5800d,Andrew Maldonado,2023-02-05
108,fa229fca-c748-48ca-9c90-3eabfd4c99c3,Anthony Hill,2023-06-17
109,fb8e55a5-9b94-4d5c-a78b-6d423bec1100,Sean Diaz,2023-11-10
110,7813063e-438a-404e-89a6-70cf79218dde,Lisa Moon,2023-03-27
111,ae9af914-dfe1-4387-b41e-963b0341a985,Tyler Wood,2023-10-17
112,8f1f10a8-7d5f-4c41-bcf6-9118af4e3ad5,George Rogers,2023-06-03
113,98b77d00-f733-490b-9f7d-3cbebfc713b5,David Williams,2023-09-28
114,46c94097-f641-4ee4-94ec-f2a4eb28aa88,Paul Hall,2023-07-25
115,093f2ca7-94e6-4ed4-9a75-3a48a3a90bbe,Kristen Beasley,2023-07-17
116,9bd75a96-c2f0-4fbc-9f43-9d3921403461,Sean Morrison,2023-05-29
117,21c6d5f3-9fa3-49ea-a56a-40acc5c06b4c,Christina Perry,2023-03-01
118,5fe577b6-1b1f-4115-a374-57fb6888dafe,Alexis Johnston,2023-01-16
119,de00bb7c-0d9a-40cd-a618-1a5f8e72d7c7,Mason Ramirez,2023-04-15
120,cbef8691-d5ae-42c0-bbf5-f25d5331734a,Ashley Bass,2023-10-30
121,472874ee-0187-49ec-8e7c-7c29d7657145,Lauren Charles,2023-10-14
122,643913f2-7393-48d8-90be-f549245a30b8,Donald Olson,2023-06-16
123,ca7f36be-a480-410d-88ef-940de1433bdc,Charles Camacho,2023-01-01
124,0beafd9c-6b34-424f-a856-45288b30ae77,Jacqueline Suarez,2023-09-10
125,74df932a-db01-4322-ad77-fbb5953c2606,Anna Hudson,2023-08-15
126,a76fa476-62a7-4015-a35f-65ee8e80f912,Marco Garcia,2023-03-18
127,cf740a76-1b71-4696-ba38-3dcf90e8a133,Dr. Denise Wallace,2023-02-06
128,c04967ba-0879-4aee-88b1-230a5e5a8973,Matthew Lloyd,2023-10-22
129,201cf726-117e-4ad4-bccd-de06223ad525,Diana Hooper,2023-07-21
130,dd5f5fbb-4459-4a56-8c70-dc22dfe83d9b,Elizabeth Jones,2023-05-05
131,e984e225-93be-4a55-a9aa-1ce50bd7ce1b,Stephanie Dixon,2023-04-24
132,d9f1f115-f98f-4f16-af78-72c76ff9b60e,David Medina,2023-01-12
133,a80b3355-22ab-47dc-9baf-bfb507d82e18,Mary Johnson,2023-04-30
134,5ac2b14b-8f49-4291-b8b3-4172f87c51fc,Stefanie Austin,2023-05-31
135,ac9f6a7f-de1d-4520-9d59-389f156e4e6e,Monique Hunter,2023-10-07
136,9e795f6e-03a4-4336-b2c1-d9f55bf94b6d,Stephen Hart,2023-05-11
137,744492fe-716c-4315-9e3e-bceae79c3bf4,Angela Thomas,2023-05-27
138,a31636a2-ccb9-440a-920e-854e59f6c18a,Rachel Wilson,2023-07-25
139,6bcfb417-7841-4a2b-92d9-e75752284fe2,Loretta Knox,2023-04-16
140,2a0566b9-e48c-44b2-91d9-4b927796966c,David Ryan,2023-01-04
141,964c7879-bca5-43d6-b64a-cee359a4b468,Rachel Jackson,2023-10-01
142,ac277891-51ec-40b6-ae08-38996b8ffc00,Christopher Boyd,2023-07-24
143,9d107a01-4330-4d26-9805-79a235171b31,Kristine Hobbs,2023-06-03
144,0f99f54c-67f2-42bd-afe1-805dcea9a77e,William Lindsey,2023-06-21
145,d4874eec-4b52-488e-9932-47d007275a42,Andrew Hart,2023-04-13
146,bb248915-3502-44a4-9189-f3077a32a91a,Taylor Patton,2023-08-26
147,231901fe-f617-4ba7-951f-78e3514393c0,Ralph Lopez,2023-01-22
148,4e71061f-5f75-46e0-900c-2bce458b7943,Megan Myers,2023-06-08
149,836528c3-53b3-4b22-a514-2eb46b8e2bb9,Eric Stanton,2023-01-05
150,6c59c688-c7bd-438a-a9e7-ebd7d955f45f,Christine Olsen,2023-07-27
151,bc3ff80e-db4d-4a2e-b100-78f1aca02386,Alexander Curtis,2023-07-06
152,e2d7f6ca-816c-4baa-ada8-0f98587d1dd7,Ernest Taylor,2023-03-05
153,c2db5c94-5fef-4457-855c-aba990c90071,Steven Wilson,2023-04-04
154,c5231c0f-e43d-444c-a279-4e84f802d45c,William Garrett,2023-07-20
155,f2c04f25-0abc-4c35-8162-12ee0ac1511c,Benjamin Shaw,2023-03-14
156,589cc027-7f4d-4705-bea3-f5647c611630,Claire Conway,2023-11-05
157,9ae1d0ac-bd1d-4699-b817-8106b8234c71,Robert Strickland,2023-08-18
158,166b8199-a60b-4576-8ef3-db1267552b72,Jennifer Cantu,2023-07-26
159,27022aa9-7268-4bb2-8ced-58dd17b51f57,Scott Myers,2023-08-23
160,529a684b-47a8-4cd0-ad67-13ddd410c682,Wayne Daniels,2023-02-14
161,228c5cca-7f8e-4ade-85dc-657a4196354b,Thomas Potter,2023-04-26
162,6cadfa43-3f9a-4cf2-ace5-3bd1c3883fef,Ryan Scott,2023-02-06
163,33aeade4-5be6-4b62-8bff-e944c8d81e2c,Kenneth Jones,2023-03-10
164,4575e748-93fe-4ca8-96f1-de9975dcfad8,Peter Frank,2023-06-15
165,596e8667-8755-4a3a-ae25-8d12fa244c6c,Jason Lynch,2023-06-23
166,8aeb44bf-1939-478b-b8f4-4211b35b6f4a,Crystal Wilson,2023-08-17
167,d6601483-a354-469a-98bf-87d44a233359,Ricardo Diaz,2023-08-06
168,9a003330-6388-458c-9c08-1ab420a3556e,Ashley Jordan,2023-11-08
169,e224bc80-d8c6-4e64-913b-3337d3fe5077,Sandra Kim,2023-03-15
170,803bde50-1e07-4d8b-aab9-3660cd93533e,Lauren Wagner,2023-01-12
171,2f43a0b8-5bba-4ef2-99c2-ee27da843696,Tracy Lamb,2023-08-24
172,d8b2167e-ac6b-43f4-b95b-cca761e37ee8,Kevin Watts,2023-05-13
173,6add87d6-ea1b-4a58-81df-b54f1b831d2a,Emily Howard,2023-04-05
174,c72371a1-f9e4-41c2-af8d-bd77f89eefe9,Ryan Johnson,2023-03-28
175,76387d55-6d44-42df-a225-4fb4abf62271,Pamela Choi,2023-04-13
176,05156d54-0a60-4d36-bac7-3b0fe362f476,Isabel Ellis,2023-08-18
177,8d90d37e-dc05-47c3-b233-f6011ca85120,Todd Jones,2023-02-26
178,ce101249-284f-4672-be4f-0702579ff55b,Stephanie Gardner,2023-01-06
179,e825bedc-5f09-4a20-92fa-13161b5bc669,Ronald Burgess,2023-06-01
180,e7c621d1-38ae-49b0-a9c5-01a4eb9b5fa8,Ashley Carter,2023-09-30
181,7c4acdd0-257c-4207-9658-b8a17b30e464,Guy Wilkinson,2023-04-16
182,4a56770a-21a2-41f3-8d3e-468ec4de30e7,Austin Roberts,2023-04-11
183,119c0f7e-859c-4ce3-980b-2d63b3b74cf1,Jennifer Cooper,2023-03-31
184,f9527e48-e81e-444d-93a0-9137d83e4dc0,Virginia Wright,2023-08-23
185,38769baf-dd8c-410c-baf0-cbec3d29bd69,Victoria Duncan,2023-07-31
186,39c97b73-bb1a-4103-bc28-3f6936c88243,Renee Schultz DVM,2023-04-09
187,c43bec10-299a-460b-b7aa-cdd851b0ae83,Jessica Mcclain,2023-01-14
188,6e79b913-ac7f-4f4f-be4d-ff061c5ac313,James Poole,2023-05-02
189,972cffba-6d82-4c35-aaf4-d89ce6e7b6a1,Samuel Williams,2023-10-31
190,c0b8c036-f993-4648-b4d4-539314fef162,Charles Chang,2023-01-08
191,e2cb0cd0-345b-4b21-ba09-7b84e0b3bfec,Michael Huber,2023-03-21
192,21ff3b94-e158-4016-b08a-74851c86f564,David Coleman,2023-08-10
193,94bcb913-0ada-4df7-a715-0a6bb84b3d4e,Andrew Gilbert,2023-10-29
194,73a05e32-17fe-4f49-b737-df0c83717e5a,Warren Gonzalez,2023-04-30
195,f4cf1349-707a-4270-b504-f200a251de69,Timothy Haynes,2023-02-01
196,5858ddf6-33bf-4ec2-9da8-dfdd4a36d462,Jeffrey Stevens,2023-04-27
197,30fd4889-2977-4e28-ad69-6a5c00bdf139,Todd Love,2023-05-13
198,46fc09f5-76f8-4699-8ed7-f0a48e198ef8,Rebecca Clark,2023-02-16
199,37331432-95b7-47c3-898e-3265a5ba60b1,Joseph Smith,2023-10-25
200,c008e512-4411-44c2-8318-92c8bca6352c,Eduardo Moore,2023-07-24
201,004a79a6-50ca-4241-99ae-18823d0fc96f,Christine Campbell,2023-02-11
202,4b9608ed-58da-4368-ae39-019d44252d0e,Mary Ramos,2023-03-31
203,c087a4c0-f0dc-40a9-8b7e-03ebe7725293,Justin Bailey,2023-10-09
204,0852c992-feb8-4e6e-b67e-3124d34c31cb,Larry Nelson,2023-03-21
205,acdedec5-75d0-40a4-8b0e-2ee6da128681,Karen Garcia,2023-10-30
206,df0260e6-496b-4a41-97fd-4d7e1eaafe7d,Joshua Garcia,2023-02-19
207,918937aa-d6f6-4265-b811-66d09097a674,Laura Sanchez,2023-11-05
208,f1248a3b-d4b3-4a9d-9f74-3998dc4b2854,Janet Williams,2023-10-09
209,91a3059e-3b6c-4355-90c0-e2866d01752b,Kenneth Gordon,2023-01-16
210,7e26de34-6aa1-4aed-9c3f-fa0ba479f3ea,Lisa Taylor,2023-02-02
211,78bdb4f0-7d82-406c-8515-a3a67393f071,Jordan Hughes,2023-10-31
212,9b9e9db4-aa01-4f76-9bf3-9759183517bb,Susan Moreno,2023-01-08
213,db7e4e52-b3f7-4796-9f4c-6f567ac1a2e0,Madison Mcdowell,2023-10-07
214,7db94112-67ca-41a9-843f-734b35aceb29,Gabrielle Kerr,2023-06-01
215,206d2525-5774-4474-ba73-32aa0a39a0b3,James Johnson,2023-01-12
216,a8713596-f7cb-498a-ae4b-c6e59952ac42,Alisha Lara,2023-01-27
217,9a291306-78ff-475d-94d2-9bad6ed965da,Tracy Matthews,2023-03-13
218,56faeca2-bc30-4b6f-a688-363df8836bfc,Matthew Curtis,2023-08-13
219,681186a0-7576-4519-bbc3-95748ecbc2a0,William Martinez,2023-02-22
220,416d9c26-a05f-417f-8294-253423f106c5,Jody Guzman DDS,2023-08-31
221,822871bc-0fb6-481b-b447-62c006cf304c,Katie Smith,2023-08-09
222,b628d914-27c0-4856-aa41-43f3f984d0da,Kristy Edwards,2023-01-20
223,85aca68e-a99f-4cf8-87af-3e2e9a632dc6,Rachel Shelton,2023-08-13
224,20813589-fdcc-4e40-89e7-71fd0fd230a1,Brent Wood,2023-06-30
225,1aa0eb96-b0f7-4e0a-be1b-b70e58f1a173,Michael Williams,2023-11-03
226,0982add4-3cb0-4700-8ea5-b98aceae2309,Luis Russell,2023-10-31
227,bfdcab77-c13c-406f-98e7-d60e107476e9,Micheal Kent,2023-05-20
228,7f845fbe-b321-4ea3-b68b-66dcbfa56685,Rhonda Ho,2023-01-29
229,ba413717-7fb2-4234-a0db-d08cb1a03233,Stephanie Jones,2023-08-06
230,3dd916e7-14f9-448c-84c3-9c7f2ffda365,Kimberly Smith,2023-01-24
231,0f2b5e4a-e06f-4d89-ba52-5172d5f660ed,Ryan Murphy,2023-05-28
232,fe83bdbc-310d-4230-b425-60ad9cca1831,Cynthia Nguyen,2023-08-04
233,a8221974-b0db-42d8-a676-3e7f0887a312,Timothy Maynard,2023-10-26
234,fd741af5-072d-4146-ac99-07fbe243620c,Jessica Farrell,2023-03-07
235,b4a0c8bc-5160-46d6-82e1-9f934f55f5b0,John Valencia,2023-01-15
236,e8bdd3b7-0251-41b8-a613-8b1975cf2761,Beth Wagner,2023-05-18
237,11f24518-201f-47cb-8e3a-f6f9bbc7f23d,Lauren Brown,2023-07-27
238,ef5ccf5f-2127-408a-b5a0-635a546f0bc1,Douglas Moore,2023-04-03
239,1480dcc1-0ae7-49a7-b9fa-15f272f0e13d,Sarah Dickerson,2023-08-28
240,b799a2fd-fc8c-43a4-93a6-4b69fbfec244,Nathaniel Lewis,2023-08-15
241,780aa834-bde6-4584-8877-c07d74e4f456,Robert Rodriguez,2023-06-10
242,2f8b583a-33d8-4363-8335-e946a3067b6f,Dr. David Cabrera,2023-08-25
243,860f4b6d-c769-4a14-bf02-81d984288037,Brandi Dominguez,2023-02-27
244,96f5964e-84c9-4318-98a0-728e35da804e,Ricky Jensen,2023-09-12
245,b057ffab-f918-4103-a981-20c055324b9b,Jeremy Ramirez,2023-01-19
246,cee65d3c-170d-4433-8f49-bf416533211a,Michael Estes,2023-06-17
247,2649d499-cdb5-4140-a10e-971bd2172214,Ashley Wagner,2023-04-01
248,2e1ef00b-a473-4309-b9c3-5940dae1ce4b,Charles Pope,2023-03-07
249,ddec72aa-da4a-4ac5-8c24-2da8bd9b7f20,Jacqueline Bailey,2023-10-22
250,53578f38-0d22-49e8-8d42-7f8617167295,Tonya Moore,2023-04-16
251,be3c00a8-6cba-4a14-a9e3-45f0e34dadd2,Bobby Calderon,2023-01-01
252,23e18af0-fac3-42bf-be87-e34662eff2a7,Mark Erickson,2023-06-23
253,5773ea99-d6af-4fcd-84f7-b90ef79a2c22,Michael Ruiz,2023-05-29
254,efa4504e-0bea-47ca-a825-f584d6bb6782,Andrea Coleman,2023-03-27
255,5163c28e-df40-4a0e-a84f-db81357a6231,Stacey Sampson,2023-05-04
256,d0423b71-f36d-4d2b-a075-11fe3bc618d1,Richard Farmer,2023-09-07
257,e09a8c5a-6b9a-4c22-9bd8-830b5b6d042c,Nicole Anderson,2023-05-25
258,910a1db2-0a91-44ab-bfd9-0eda3bb27936,William Smith,2023-08-24
259,600be25d-e752-4f34-bbda-62f1c7d7fa13,Zachary Diaz,2023-10-17
260,eaa7ccae-da1c-4916-a528-80d88a52f11d,Jessica Brown,2023-04-06
261,35989dc1-feeb-4146-9768-1005921a8e45,Nathaniel Brown,2023-03-31
262,74cab81e-b788-4284-84c1-3a4867f950b9,Donald Moore,2023-04-08
263,fda4353f-f298-461a-8c97-49ca9325bf40,Jessica Mata,2023-07-28
264,1c0fbdf9-5f50-424f-90e9-38c61f486b6c,Billy Martin,2023-10-01
265,b87fb874-c4cd-43f4-9c91-ef47c2c0e1b2,Robert Weaver,2023-07-06
266,b9d4d919-5708-46ba-aa3f-02076566c505,Bethany Gray,2023-07-26
267,812fd336-bf37-4f21-af3b-e78876697703,Debra Wilson,2023-10-04
268,a099e014-6624-463b-a6ba-4f78905c85db,Ryan Yates,2023-11-10
269,f03e1001-2514-4c48-8b7d-2ba0aa897fb8,Lauren Griffith,2023-01-19
270,19decd20-12b5-4685-b34a-a9138418fdf1,Devon Brown,2023-02-16
271,f63dd5bd-7617-439b-9359-e3bcd4246614,Carlos Carter,2023-02-09
272,b74453e8-9a24-498a-8bf8-782f3ffa10ca,Mary Ramirez PhD,2023-03-20
273,c972df35-417b-43fa-b9ac-0e968d137664,Francisco Allison MD,2023-09-24
274,ca5a4f69-783f-483e-ac56-97588f9c5562,Margaret Carey,2023-06-09
275,78c55683-7249-4b1b-96c1-ed472b97d6f7,David Thomas,2023-07-22
276,6258c552-8a0f-444f-8130-c855ffaa5c33,Brittany Barker,2023-03-19
277,d6d0e894-5dc1-4d72-8978-5c8c73c00ad9,Mr. Christopher Weber,2023-03-06
278,625eef38-52bd-4498-bf5a-6a7806f30772,Cameron Guzman,2023-10-07
279,19178057-c87f-4ead-b65e-9be2545f60ec,Maria Golden,2023-06-07
280,00f4d91b-9d56-4334-980f-519255804c8c,Alexander Garza,2023-09-21
281,f5ed7eb0-daaa-41da-923a-0763a30243ec,Debra Pearson,2023-01-31
282,b74a5e72-e44d-486b-a964-a42e3fbf08f0,Kevin Bates,2023-03-29
283,a1dfcc49-c83d-4f13-b131-f9f58c5b6a98,Elizabeth Goodman,2023-02-22
284,71120873-00f6-428a-8919-bb6bf8af039b,Amber Torres,2023-03-23
285,40e78253-be11-479f-89d9-180f4cdbd276,David Norman,2023-04-28
286,39c7ab80-7f5f-4a74-a033-d47aa2dec6af,Lisa Ross,2023-09-29
287,f2b25b6b-f194-4c09-848f-e2c546d015e5,Maria Phillips,2023-02-10
288,609d7c2b-cf34-4cc3-9def-0bd22f4ec5ba,Melanie Hood,2023-07-07
289,d20e30ba-57ff-4c8c-bd38-3d5c1a9b26a1,Stacy Owens,2023-02-21
290,c1d89b45-d5ab-439d-8441-8a37d97799ee,Andrew Hahn,2023-05-20
291,1acb5746-3e64-4f14-8463-121e528ca229,Hannah Ali,2023-06-22
292,a012f39e-5ed8-4769-934b-e9e3730f4c3d,Randy Johnson,2023-05-19
293,645fb436-afb2-4a56-aad5-f355076200cd,Jessica Johnson DVM,2023-08-28
294,db52f171-3b4a-4aa6-b593-40d06b18c44c,Hannah Conley,2023-09-18
295,8dbeab90-bca2-4065-ad7b-50e4b5057399,Christopher Roberts,2023-04-30
296,cdf03118-b7e0-4de1-b1d8-a2f4e0fe53d8,Jeremy Tanner,2023-04-25
297,0f866596-8323-446b-96d1-af29d85f3656,Robert Kelly,2023-11-07
298,b9b6c734-a5bb-4e8e-ad4f-a26a211c81ef,Jessica Edwards,2023-09-24
299,3b5df3b0-5f86-4fcc-a4ff-df3afbc45fd6,Leah Schmitt,2023-08-09
300,25f4fba3-05cd-474e-b06a-5297f2e9cf74,Monica Gross,2023-02-15
301,8abbfd24-c3a7-4d4b-adf2-3e93b11f1eda,Elizabeth Pratt,2023-07-06
302,866dc3a1-a0b8-474a-93f8-9662a4b5cc56,Jennifer Delacruz,2023-07-05
303,5794069f-ba56-479f-bcdc-612772df49ff,William Clements,2023-10-31
304,a4ba2a81-89de-42b6-ad2a-abfe1b5e8ca6,Regina Campbell,2023-02-26
305,ba725dfe-9993-4b20-994d-d2e889b8e6f0,Ashlee Church,2023-11-02
306,d1bb6604-b635-4bbb-bed8-338f6fcec571,Julie Mann,2023-04-10
307,033128ad-6cac-492d-ad3c-646d3c8f0b4c,Taylor Gibbs,2023-02-19
308,bbfc884e-8902-4bab-a7da-42ecd7e3eb4d,Alexander Cordova,2023-08-02
309,7919a21f-4222-4582-83f5-97c727e13cf9,Calvin Carpenter,2023-10-29
310,83580813-970b-4911-bb74-37a9e5f0169b,Jessica Davis,2023-10-21
311,0fa82354-075b-40dc-a873-95e8940087db,Veronica Mejia,2023-04-21
312,380a4286-9e38-4431-808b-ffb32c1bfd10,Gregory Hendricks,2023-03-09
313,1093f928-fd51-4d20-83b5-9318e931bd3b,Todd Garcia,2023-06-13
314,5dd96b39-abed-48e1-b70f-fcc2dfe3c7e9,Larry Baldwin,2023-08-28
315,1fc8919c-3497-4099-8963-453f13c84e80,James Melton,2023-10-26
316,08a7637a-69e3-497d-85fa-73ec9c6e12c2,Jason Martin,2023-10-05
317,886e392b-a8d5-46b1-9ed6-8e8a8651e9fa,Robert Taylor,2023-08-17
318,a2b20196-0a2e-4acd-8344-eef245e7e121,Mr. Eric Ramirez,2023-03-09
319,8e6d429a-adbc-4f5b-86da-019992e76e4e,John Jones,2023-10-25
320,812891c8-09dc-4c72-ab51-4c4ebac163a3,Andrea Carey,2023-10-25
321,a74ebdc7-8ecd-4773-bcab-d7a42db965e8,Laura Lamb,2023-06-02
322,f9947bab-a3db-4c13-a852-d9c8dba98c80,Teresa Davis,2023-03-11
323,2200b71e-0a06-4dff-b58c-e014a92637de,Kenneth Hobbs,2023-05-20
324,c0e027e8-4d95-4ffd-a3fc-625446852f39,Kristen Taylor,2023-08-10
325,29d1bb65-9ef2-4d59-929f-dec3a68adabe,Becky Matthews,2023-07-19
326,a6be553d-bb9a-44f0-9113-285a7201b8cd,Tracy Bailey,2023-04-07
327,d2d40c18-a78f-4ddc-a9da-b5d280973e37,Michael Torres,2023-09-06
328,c3fb3348-ebbd-4230-878b-d944ea1c99c5,James Beltran DDS,2023-01-16
329,907c8933-0259-405d-af9c-ddb1a13fbe5c,Lindsay Castillo,2023-01-31
330,c0da2935-3d99-4e21-81d6-12d41d0068a1,Deborah Mullen,2023-06-10
331,2edf066d-7fd5-4650-988c-9cc4547b5447,Jordan Livingston,2023-02-18
332,bc2b7f7b-5151-4eea-804c-1b163418845c,Debra Hughes,2023-05-10
333,9e3d9163-5aec-4885-ac15-b882736f03c0,James Pitts,2023-03-03
334,d7932086-7017-4e00-b876-75618054c308,Sharon Burton,2023-06-02
335,a95ed9f0-db1f-4d78-9167-79b3c3c2d6ab,Jordan Briggs,2023-10-01
336,5d218336-2f74-4d07-aae6-a2fe91e11194,Rachel Dominguez,2023-11-02
337,bca66b35-98ce-4154-8426-3482c3c1f517,Glenda Mcmillan,2023-02-17
338,d57965b9-ed98-4264-b918-70e2c55c45ea,Ashley Lee,2023-02-26
339,6612b1e6-5aaf-4681-bbed-06960611f339,Rachel Gardner,2023-07-13
340,2db916e3-7cde-4a41-8c5b-fc0ebccd66dc,Jason Matthews,2023-04-12
341,ce28917a-b36c-445c-8041-b745a3c29013,Michael Davis,2023-10-04
342,941dcf28-7237-47f1-ae18-8c8673a92903,Mary Smith,2023-04-14
343,6d986618-3ffe-4f41-b423-b56731b4f098,Nathaniel Henderson,2023-07-01
344,5aca9bb9-1fb2-4895-aa37-964584c0a9ee,Paul Khan,2023-07-03
345,bfa03f5f-5803-4153-ab91-69760a304db1,Peter Herring,2023-06-05
346,0ee300e1-bf2f-432a-b793-7fb2f6d14956,Donna Holt DDS,2023-03-23
347,bea5fb8e-ca94-474d-b432-26e297d39c18,Erica Nguyen,2023-09-22
348,76306c72-b89d-455b-94d3-4fe959d8e42c,Karina Potter,2023-10-29
349,d961e051-0036-49a0-979b-b73d2c676af8,Courtney Owens,2023-08-01
350,6745e282-0768-4513-a67d-91a93d04ce59,April Reilly,2023-08-11
351,0c8bb82e-2b8f-425c-aab8-031a01a2d1c8,Kelly Long,2023-08-08
352,a98b0bc6-6eaf-44e8-bd58-7824e2350842,Jonathan Johnston,2023-08-28
353,602e5f77-2c4d-4727-b047-b79e6b2dec23,Allison Page,2023-07-29
354,ac0a12d2-1c46-4da4-884e-955a4cff5762,Kevin Ortiz,2023-03-06
355,eb1543b9-fd1c-4fdf-ae71-f3b9025546f6,Olivia Dixon,2023-05-17
356,8404e67b-1454-420a-8526-251a033e01d3,Christopher Bonilla,2023-02-05
357,59c959e5-1aa8-40e3-a743-171d6cb855b1,Patricia Smith,2023-02-03
358,8f16b618-054f-49a2-9e00-11ecef425ac9,Angela Martinez,2023-09-02
359,44494069-4097-4cf4-9071-b16460737714,John Lee,2023-02-13
360,f004ede5-7bb8-4ad1-a5a4-31ce3bbbf379,Robert Thompson,2023-01-06
361,3ed323a7-2d3e-4c5d-a9ed-561150c71d67,Phillip Brown,2023-07-02
362,cbaba9b1-53a1-46d5-b355-d918e957e52f,Tina Patterson,2023-10-02
363,3f9030b8-5148-48ba-b6b9-db159789cd3b,Travis Dodson,2023-08-28
364,56f78272-2e5a-4fab-91f2-56d9b271977c,Casey Osborn,2023-04-05
365,7a8ff0de-f51d-4ad8-9ae4-55b60cbf4930,Sheila Miranda,2023-04-20
366,30f42cd6-a42a-4ab7-97eb-64bfc96bd9d2,Andrew Herring,2023-07-25
367,f329932a-e8b1-43da-9812-b3b675f79b0d,Connor Williams,2023-05-18
368,4aa387b2-5b1d-4335-827d-ff80b23fc499,Lisa Perez,2023-05-23
369,0cbd0ac9-508f-481a-8b93-18c222671bd9,Jacob Wood,2023-05-21
370,c3e4cdf3-127e-4383-9012-7a1606301e19,Mr. Philip Gomez,2023-01-01
371,dbafcde1-34ec-4ae1-9650-805ae9af7161,Garrett Cruz,2023-06-14
372,9116c078-b362-4c2d-a90e-86df4349dd92,Eric Johnston,2023-06-15
373,b3014b2c-7347-4a0a-944e-7b11114696f9,Dustin Jacobson,2023-10-28
374,ee31a962-e4c9-4daf-a788-1681376cf3a5,Joseph Ortiz,2023-02-13
375,80be7f3d-ac22-4e25-b007-e16918f81b6b,Felicia Boyd,2023-04-24
376,eac147ec-0570-476f-bba0-da334a964e1c,David Snow,2023-09-15
377,b0944c42-8498-4190-a71c-43b60301a693,Jessica Tapia,2023-03-27
378,b35710f6-3731-4ba3-ae45-a759bb16053e,Robert Byrd,2023-05-21
379,1835ec9d-9da7-4a2d-b2e6-aa1e11757c0b,Allison Chavez,2023-10-06
380,7c6b3536-3987-403d-8970-9633e751a871,Brittany Montgomery,2023-02-27
381,8726afab-aea4-4e53-b454-7bb66a62b60c,Brittany Pacheco,2023-04-21
382,0e82e770-9ea0-442f-891e-e82b1a86a5ae,Debra Ford,2023-08-27
383,154821d7-9640-4523-b28f-86fe7d8f2a69,Travis Bell,2023-01-18
384,c15a271d-dd02-4458-9f47-ec7aff11708d,Connor Thompson,2023-07-12
385,ac972732-51af-431e-a52f-92fe07309e9a,Dennis Baker,2023-02-17
386,6dc6813e-293d-4736-84b8-5369105a91bf,Natalie Howard,2023-07-29
387,a769f3ac-8813-4a79-94ef-45edd02b0502,Jessica Gonzalez,2023-11-02
388,a3e825e3-2be3-410e-8ed2-647a2b57d60b,Audrey Rodriguez,2023-10-08
389,5519741e-ba88-4655-98b1-0c37200b47cb,Robin Calhoun,2023-03-28
390,39d45b5b-e035-4075-a075-22686e4167ce,Kimberly Chase,2023-11-02
391,034f3db7-8466-49e5-b5c1-cdca18db280b,James Suarez,2023-11-03
392,fbfdc066-2667-4aa3-a2e5-0c0d4cf2e199,Clinton Johnson,2023-07-09
393,29e96a2a-d54a-45ad-bcce-eb331422fb67,Michael Jones,2023-10-28
394,d9fa4122-7f71-45bc-b17a-beb99823c14a,Laura Banks,2023-02-12
395,346babc3-adc1-4fb6-b057-bb6bcee44037,Jessica Carlson,2023-10-01
396,768bfff1-fdc9-4426-9a32-18337101b3b1,Amanda Jensen,2023-01-29
397,1c25bada-32b9-4cb2-9295-081faa6e8ea3,Joseph Taylor,2023-09-26
398,c3f4f6f1-f8c0-4308-b1fc-f09b537beb32,Michael Wolf,2023-06-01
399,d3fca2cd-c142-432d-a4e3-bb92d964ee37,Donald Waller,2023-10-08
400,59dc2b18-3d59-4508-9360-b8c2431c3f75,Brian Hernandez,2023-07-28
401,9b4f193b-edee-4780-af1e-f7d231d94fdf,Aaron Coleman,2023-05-02
402,e256800e-94f5-4018-9a91-c1eee7ddfe98,Bradley Kidd,2023-10-30
403,12d3664e-f7dd-41cb-90a5-f7d419c2db69,Suzanne Woods,2023-08-19
404,09796212-34ef-4a48-81a0-74c97ae2365b,Michael Medina,2023-05-19
405,8983c4db-d539-4502-851e-439604b218be,Charles Malone,2023-06-27
406,973a2a99-17fa-4dac-9154-bfed4dfca7e9,Alan Young,2023-01-10
407,f244b7e9-ae74-490c-be2c-88fd99e7a79e,Nathaniel Gomez,2023-10-28
408,a256e276-3da6-41a4-be0e-4f68073ebf0a,Jessica Martinez,2023-02-10
409,f243a1e5-34be-4e9a-83a9-e7a2225772c3,Candice Carroll,2023-03-19
410,aa17bb01-9049-4100-b85e-89e379f0e361,Heidi Johnson,2023-06-17
411,54dbb002-71aa-4ea3-80ac-085680c0bbb6,Jordan Thomas,2023-07-28
412,aa59c9e4-9ca7-471b-906e-f8962efda941,Samuel Hanson,2023-03-20
413,8ef6dca4-304b-41a8-8519-5b2f4a45453f,Brett Lindsey,2023-08-07
414,7b387c79-3cd7-4d7a-bf48-057e8158d709,Heather Davis,2023-07-08
415,615ce2d3-c21a-458d-bc32-84ddb7a93c26,Derrick Moore,2023-06-08
416,ef6d01a4-8ca8-43d6-bf09-a2a122e0175b,Ian Gomez,2023-07-10
417,603515d4-b342-4d38-abec-23d50f97eb75,Jessica Cook,2023-03-07
418,ae0944e8-d88b-4517-9f74-27891a5e2fd6,Richard Glass,2023-06-26
419,d541d3db-c093-4e80-a390-c7d1c7cfe807,Lisa Mccoy,2023-08-19
420,4a4caf33-1800-4b4c-b438-8afdc16d5f92,Maria Walters,2023-08-20
421,bfef509e-23a0-49f8-89ad-1871c7614f4d,Christopher Jones,2023-04-14
422,92a12443-80af-488e-b996-64f05a5ca8f3,Toni Baker,2023-08-10
423,040d9ad0-c59c-40a0-ba9f-2243a95cc418,Christopher Knight,2023-03-12
424,c4e9bfb8-29fd-4dbb-8a42-e3d77714cdba,Gerald Daniels,2023-04-30
425,938651e5-e079-4adb-870c-d9b9931b97e8,Angelica Moore,2023-10-30
426,5d4fce3e-48a9-4bdb-9f8c-f23d759f5619,Stephanie West,2023-07-31
427,118df18a-2b15-445c-b311-ac45615eab55,Vanessa Murphy,2023-04-02
428,1f62c7cc-653a-4d01-ae5d-d96e4babcc2a,Jacob Harris,2023-10-07
429,b9a3d2fd-03b4-4add-9cae-a0268e6dd866,Patty Lee,2023-02-06
430,6ff7abb9-6ace-4388-ad8a-b04e5856a375,Elizabeth Lee,2023-08-30
431,df5fa8a7-7210-473e-b160-8e8c23e205fc,Jacob Roberts,2023-01-09
432,06ee7fdc-c31f-4c69-9365-14dbdeed08e2,Jeffrey Pennington,2023-04-30
433,2e51d7a0-e6b9-4860-9196-2b691da520ef,Charles Taylor,2023-09-27
434,df15caa8-f03a-47ea-a7f2-e934a48594e1,Ellen White,2023-10-05
435,d33667ce-4878-4b1e-9360-26e76d161597,Barry Morgan,2023-08-29
436,2f5497a9-583b-4252-a614-61ea547461ba,Tabitha Gomez,2023-08-14
437,3f10e713-5b3b-4b79-9cc5-ac69cfd4444a,Diana Mills,2023-10-10
438,c463a4f0-47d2-4209-88ce-e27bc2b7bee1,Tiffany Miller,2023-04-23
439,05199a32-15c6-4d3f-bd26-e2e0a1dac767,Valerie Webster,2023-07-04
440,20f938b7-83bc-4485-be8a-df5a5997d80d,Michael Lopez,2023-05-12
441,5afa888b-4bc9-4956-acd2-b0840e71688f,Joseph Ramos,2023-05-23
442,976cd7d7-015c-4d30-823a-820748f0c98b,Jessica Smith,2023-09-30
443,a45ebbd2-1d57-43a0-a9b5-1070b61ec1ad,William Thompson,2023-04-10
444,06fd62e5-6857-4e0e-8540-4abc7bdb4087,Robert Brooks,2023-10-03
445,c17570a0-5e79-4072-b9cb-da25f91d26c3,Billy Williams,2023-07-13
446,91b860ac-15a7-4e15-9539-55cef7ebe48d,Robert Anderson,2023-04-26
447,213fb3a6-aadd-449d-ae32-69b446138278,Vernon Buchanan,2023-01-03
448,718def4b-4aad-41f0-881b-f38ed16bd3b3,Tammy Porter,2023-02-16
449,81427fe4-e9d3-4996-af8f-858d7e8a422e,Connie Coleman,2023-01-07
450,32ece4b8-a3a4-4bfe-9d31-0147572b8631,John Cunningham,2023-10-25
451,e84efb92-2c6c-47d5-aa6d-790abe2e008b,William Gordon,2023-08-14
452,2107c5b3-0011-40d3-9834-a77773e2e9ca,Miranda Alexander,2023-03-05
453,ec0b527d-fded-49fa-83c8-2d6287cf8c4e,Justin Terry,2023-02-01
454,3f32a985-7237-45b9-a4d6-ad03152c515e,Abigail Brewer,2023-05-13
455,060f9488-ad5a-4068-8393-ba745ac04aef,Jennifer Anderson,2023-10-27
456,c85f7ff6-f29e-4675-a76d-7fc1d9b88dbc,Joshua Cole,2023-04-24
457,08296f05-963b-4cce-a028-ebdfbe9fe3ca,Zachary Sanders,2023-09-13
458,8652fd4b-6fb2-44e2-9043-79a534463043,Sean Patterson,2023-08-03
459,07557267-997e-40f5-8414-88c3c0712074,Jacqueline Ramos,2023-10-08
460,7e354422-a53d-4c7e-8ea9-a85d11373d93,Don Lopez,2023-09-26
461,f883ba80-58d1-48a8-b0ea-6b0b0579d525,Bryan Flores,2023-01-17
462,44df9ccf-6f17-47f2-9cf9-e6232856d113,Douglas Morris,2023-08-03
463,3f36035b-bfa1-4598-b0d4-13abdecde676,Robert Morrison,2023-07-25
464,3456b8f0-d709-4e33-bbf4-503dc8536510,Melissa Delgado,2023-07-15
465,93d95baf-2b35-44b7-a9bc-f506de796085,Craig Cardenas,2023-03-19
466,d65792cb-f8d9-407c-8814-8fcdae2fbb13,Ronnie Williams,2023-02-20
467,164589ba-7aa2-4710-b01c-5b11d14e37c3,Joy Richardson,2023-08-26
468,0ffce208-8537-4b1e-a4c6-184e0237467d,Lisa King,2023-02-01
469,93e0ebab-2adb-484b-8846-92109ede4d82,Robert Walker,2023-04-27
470,47e4251b-7bde-414f-a8df-a53e43a9aba1,Adam Valencia,2023-03-14
471,dab8495e-507e-4fe0-bab3-8860289e0ed6,Garrett Robinson,2023-08-13
472,3d57af70-636e-4ef3-99ad-9bdc066d2c04,Whitney Smith,2023-04-20
473,6b90beca-9cf7-49ed-ab5f-8ef57a2cb74f,Colin Martin,2023-02-26
474,fdc371bf-728f-4117-b587-fb289867ec65,Richard Lynch,2023-05-10
475,f6906ec2-52f5-49f3-b61d-c4acae0b91d2,Jennifer Peters,2023-06-05
476,88a920b8-2cbf-4c39-b056-f620dbee95b8,Jesse Long,2023-04-12
477,14fc9109-62d4-4a35-9e6b-f30a0ca25fc4,Jimmy Moreno,2023-01-17
478,a1e9540b-cc53-491a-94f3-10c38176004e,Amanda Chavez,2023-09-06
479,5fadbca5-b796-4f6f-bee4-3c480e2edfaf,Clayton Everett,2023-07-09
480,49ad5ede-d4c3-4384-8318-5a9ffba9be08,Alan Williams,2023-02-28
481,e3f29349-4b71-4552-baa4-9f2311858a6e,Karla Strickland MD,2023-06-07
482,94133f51-762f-4e22-9a65-a3da2617ac3d,Leah Evans,2023-01-10
483,cd4ebbf5-c347-4f0c-931e-1bac9c199b23,Kevin Phillips,2023-10-23
484,7e88726e-d425-458a-b118-af13f0d9c126,Clarence Lopez,2023-02-01
485,ec725b63-7771-4ede-ba47-c49e9e25f053,Jordan Duarte,2023-07-10
486,41225e76-3d26-4c69-b22f-1082299a3658,Jamie George,2023-06-04
487,77750ad8-6a65-4ab3-b21e-0645378c5d13,Alex Bennett,2023-10-17
488,2dfa1d0b-448a-411d-bdc9-365fc500bd62,Daniel Mason,2023-10-07
489,281e04e6-c2a0-48c5-8f1a-3e5246a2016d,Valerie Williams,2023-01-05
490,00aa9cca-f689-4af0-a3ab-2d9aff685439,Michael Gordon,2023-03-06
491,87642610-4bb1-48ec-b681-7a3a8c69ed7a,Timothy Hess,2023-03-05
492,046ee465-6dc0-487d-9a36-b2388016802a,Courtney Tucker,2023-04-18
493,fd30b801-8f15-4b29-9982-4a2b12bbef61,Kevin Jones,2023-01-15
494,365b1d5e-1860-45ec-85ff-f3d2dbe7b6b0,Felicia David,2023-10-28
495,b6ab01d1-bbf3-4daa-9b93-447724c6a68a,Sarah Schaefer,2023-06-22
496,9ad7b838-9536-43e9-8d07-8402c6fd1f45,Morgan Miller,2023-09-06
497,a29eb81d-4cf6-46a9-9f8d-5b1404c61ac7,Andrew Brown,2023-06-25
498,bfeab787-6f3e-4e7e-bd1c-a48816d2c1ee,Christina Bradley,2023-11-11
499,4203bdbc-6632-4417-b251-d8dbc9f21195,Richard Williams,2023-06-28
500,db2dfe64-03a9-47e3-8e22-905b8a95d281,Elizabeth Harmon,2023-09-06
501,b9c3470d-c210-40e9-906a-cc4c3f573cbf,Anne Sanchez,2023-06-30
502,7b9deba2-49c3-42bf-b48d-c4d56ebc7c31,Brandon White,2023-09-27
503,1fcfc39f-eea1-4290-9eef-3a0ae150ae96,David Hernandez,2023-05-08
504,ddb4e07d-6521-4b6c-9c62-f1f60b2aceb2,Suzanne Garcia,2023-01-25
505,17d3aafc-1afa-4434-b27f-1792ab728b8a,Jessica Hernandez,2023-06-19
506,8e70d176-000e-46ea-9fdd-91507d0f0bbc,Lonnie Mullins,2023-06-17
507,7dbe64f4-a5ed-47c4-9f03-0cf847f72287,Amanda Collins DVM,2023-03-08
508,b427e699-62ad-4eb6-8192-8d8ff19e9e88,Marissa Nguyen,2023-05-23
509,b36dcba9-59bb-4e25-8f1a-e7246adc52d0,Tabitha Smith,2023-02-18
510,7e907fd9-3f6c-45f4-9f12-458276c43a5f,Kristie Herman,2023-06-08
511,e95851b8-3ed7-4854-9cee-099b2390873b,Linda Pierce,2023-09-14
512,d21239a7-4682-4ba8-bd8e-a606e559e432,Dennis Green,2023-05-29
513,eafef428-3121-4c6f-97dd-e8932d4f8401,William Hubbard,2023-10-13
514,a48c119e-2140-435a-b1fc-69ca5e881d9f,Douglas Tyler,2023-02-26
515,e3c17e53-4792-4d45-8fcf-f6e7929dee51,Dennis Velazquez,2023-09-01
516,921cb601-a02e-495e-9ee6-f7e061d8e028,Jordan Mercer,2023-02-25
517,c488db80-2fc7-4685-be26-961eb2e48a92,Joseph Macias,2023-04-08
518,26b1ecc7-1268-4be1-83d6-d9afb5e2f09f,Terri Reynolds,2023-07-14
519,b2e1f80f-4bc6-416d-942e-db14d1444b44,Matthew Mckinney,2023-02-15
520,00023dd5-ea17-4c84-b0b0-3c1b3cd1c06f,Alexis Bell,2023-04-26
521,88273815-f15d-4f02-af43-5b65feb658ee,Tony Dunn,2023-04-12
522,7066a674-6af5-4651-b47b-331750c68f7f,Timothy Martinez,2023-07-21
523,34f8e39a-95f3-4962-b4fc-2deeba51465a,James Marquez,2023-08-12
524,2f12fc85-05bd-405f-916e-5f08e1f9aed0,Michael Schmidt,2023-06-26
525,8bf85c07-7c70-4f67-9e99-f23e7a30dd57,Benjamin Adkins,2023-09-16
526,4e3c386a-4c74-460c-8435-bf9583581306,Lance Gardner,2023-05-28
527,3f52b1ab-42ed-4a93-a417-1eaa427a8311,Karen Huber,2023-03-25
528,bb33f8b0-1dfc-4bb1-a0d4-118c02959a8e,Carol Clark,2023-04-01
529,6d007905-7d34-4cf0-9efe-1d17fe80c0cb,Randall Evans,2023-02-16
530,5c033575-e8dd-42fe-82cd-2b1fcbaa765c,Stephanie Murray,2023-09-21
531,714c8cf8-e18b-4aae-b76f-7671067361de,Austin Hernandez,2023-06-28
532,53c494d4-12e0-4f94-ab6e-124a70fbfc02,Jennifer Townsend,2023-08-21
533,5f8d5c36-ecf6-4721-a3af-0634c6ae68bb,Mary Lee,2023-01-20
534,936acebe-4a70-4ba5-9c49-9dde8e128cf2,Mrs. Emily Saunders,2023-01-12
535,13b9bfa9-6a51-4638-9dd8-382e81c33062,Shane Evans,2023-11-10
536,61730d09-2869-4483-a362-385037f11afe,Danny Wilson,2023-07-12
537,286439ef-a3e4-4547-b718-70143727fdf8,Scott Gomez,2023-07-07
538,fa526365-5a4c-4346-8b8b-84cdf0dd1682,Brian Fisher Jr.,2023-03-03
539,4d49baab-ba26-411d-9033-87ff343a7746,Keith Davis,2023-02-02
540,3e7bde44-4344-4d19-958e-ae700f86922b,Becky Tran,2023-02-18
541,0f57f3fb-f06f-448e-bbc4-37196122b5cb,Kathy Smith,2023-04-20
542,aaa2502b-dc65-4695-8b0d-5218b0650e8d,Michael Stein,2023-06-25
543,971cc991-3039-42ba-9247-48f43e416a3c,Veronica Thornton,2023-09-14
544,ba0ab194-17c3-4927-8326-5cd42d36d595,Edward Stokes,2023-04-05
545,9b66867b-25f7-4cd6-a16b-c9e98283666c,Christina Wolfe,2023-06-27
546,897be314-165d-40aa-bd3b-d41f1f68bbf1,Jason Sanchez,2023-04-14
547,7a42e349-d3b3-4fa5-83c5-96e4cc2cae84,Clifford Torres,2023-02-05
548,c9eacc6c-0e34-44d0-817c-0a27747469fa,Robin Massey,2023-05-13
549,521ba906-8c63-41d4-948d-8eb296ac0745,Mary Sullivan,2023-01-06
550,315e0e63-835e-4a19-8497-c01a9253f4da,Kenneth Church,2023-01-24
551,7fa44144-ca3e-4f58-ae83-362298ec38cd,Kelly Hill,2023-02-23
552,6282d860-1a75-4bf2-a8c8-1b839f061b27,Robert Huffman,2023-08-23
553,c8f4c369-0933-415d-a258-e7746ced49bf,Jessica Atkins,2023-04-03
554,d58dff9d-a724-4ac1-a2f7-825eb8d21f23,Brandon Watts,2023-04-05
555,3f1f6e84-e782-4db2-9c18-3d2d79080d1e,John Turner,2023-09-01
556,2b6ed6c5-70c3-4a91-8632-eb0e7efb9163,Julia Mayo,2023-09-08
557,071dddfe-345e-497f-8ce5-8861030ecc56,Jordan Lamb,2023-08-15
558,5948f6a6-332a-455c-a78d-b2496a6ad160,Jerry Pruitt,2023-07-03
559,29360a89-13cd-4f61-a1c0-f86ce8a231c9,Richard French,2023-07-29
560,c3d45bb6-b007-464d-8713-ab1237bdbdaa,William Carr,2023-07-04
561,6528eab4-50c7-47d9-a21f-c1e7bd5b558a,George Washington,2023-06-27
562,f5725585-eb0b-4ade-abf5-7fa424a57986,Adam Lynch,2023-10-27
563,80e502ab-f1c6-4a42-84d8-8e67b4adb8e3,Christine Brown,2023-04-05
564,0d675307-0bdc-456e-9c25-6cfa0019db69,Stephanie Lopez,2023-07-15
565,8b5f22a8-b611-4179-b104-7d7d90afa923,Dillon Higgins,2023-04-02
566,8e7cdb22-3519-41aa-9f3f-c87caa0775a5,Laura Farrell,2023-06-07
567,f7ef1a79-7906-4bf5-ad1e-1ed3c3c79e4a,Samuel Mejia,2023-05-18
568,739c62bc-d668-4950-ae37-4a2960758c69,Jennifer Fowler,2023-02-03
569,b27a6342-2d88-418d-bcd9-afb37b373ed2,Amanda Lopez,2023-03-29
570,27920fbc-f71d-418b-8d93-5393c4579320,Cassandra Clark,2023-04-28
571,80494530-ea81-4cae-81e9-81c19818622b,William Dyer,2023-04-30
572,357b4de0-c1ac-4260-ac45-d3b5d94a13e4,Barbara Ruiz,2023-07-11
573,d39418c8-a1a5-41bf-aaf0-6815dfd7cf77,Shelley Macias,2023-11-10
574,174dbde2-3da4-42b0-8ddf-a53f114a5fca,Natalie Olsen DVM,2023-03-29
575,78c7201e-92fe-414e-9321-b0003d24321c,Dr. Olivia Robinson,2023-11-06
576,0efc5e69-e103-4cf8-8bc0-69168589370a,Anna Fitzgerald,2023-03-07
577,f6a5491d-1433-4436-83be-283ae349ed85,Leslie Ferguson,2023-05-20
578,26b648f4-e8e6-49d9-8307-04038ec2113d,Marc Morton,2023-03-17
579,b0377c3a-a9a9-423c-a13b-dfeb4c737627,Dawn Manning,2023-01-04
580,0122bf40-9f32-4045-a1d6-b78fa5cda003,Sarah Mora,2023-06-26
581,951a3cda-28bc-467e-a1fc-d4618fbd6374,Andres Smith,2023-02-22
582,82615ea2-e307-4b62-be3d-4f899c34f5e2,Leslie Schmidt,2023-10-20
583,c0dbb648-4d82-425d-933f-7fcff6815e56,Cynthia James,2023-11-08
584,b40baed1-f700-4e33-be65-80f218070845,David Hall,2023-04-20
585,91848e0a-5d15-44cf-aeed-3ec204a4f512,Nicole Perry,2023-04-24
586,75d5bcea-66e4-48bc-ad13-87076e7ed167,Whitney Taylor,2023-10-12
587,7d96e795-7995-41bc-8b4f-77aafd14f8ac,Casey Williams,2023-02-20
588,b5785d4e-f79f-4270-955e-6e1b9d501e9a,Brent Evans,2023-08-27
589,88315d7c-1be7-46ad-b4df-e1804abef725,David Ramirez,2023-01-09
590,84286f35-c567-4406-b429-314044f298ba,Rachel Warren,2023-07-26
591,100d2891-91a3-4584-b540-90fbad7357b2,John Torres,2023-05-14
592,4383fe9a-30d3-4dcc-9020-5a2cd4682474,Brianna Garcia,2023-01-17
593,7b8f9804-ac2b-4989-b300-e33852ebc9cc,Mr. Kenneth Hoffman,2023-03-27
594,a61c2121-9b25-4b35-ba5a-f47ab88d9ead,Jason Miller,2023-09-03
595,c783c505-0e8a-42d1-b048-dfdb2c2d147c,Jamie Wilson,2023-06-27
596,90297323-7db4-42ec-950e-0c5c33f8fd89,Jon Wilson,2023-02-16
597,28a9794a-b9c0-410f-bfc4-6977dec17146,Jason Watson,2023-05-21
598,125ce801-213c-4bb2-ac1b-7cf1b2b087b9,Hannah Marsh,2023-09-09
599,c687fdda-c15a-4976-87b5-ab73e9484b2e,David Miller,2023-10-23
600,0d6811a0-8948-4416-ad24-5756483fea85,Christopher Gordon,2023-10-30
601,12ef52e5-23a4-4f45-9513-0e15361530db,Carla Rosales,2023-02-03
602,a7ec9b21-6b75-459b-bc88-dff8ad837988,Caitlin Patel,2023-07-15
603,fad8db07-be96-4992-9436-25ad586356bb,Tracey Mendoza,2023-05-24
604,646e36eb-ef42-4f28-b746-37f3bf6f2485,Samuel Hensley,2023-09-19
605,6e476230-7aa4-4d8a-adfa-bdc34aa53b58,Thomas Vang,2023-03-22
606,74a85872-05f2-4b2e-a036-103528b07a2b,Denise Perry,2023-03-12
607,759530bf-56f8-4b1e-8c05-bc3150f00c5a,Tyler Wright,2023-10-11
608,deaa14c2-bfe6-420a-b509-a1e5e8a84739,Ms. Amanda Frederick,2023-09-16
609,52fee9c6-1260-4f0c-9c3b-23d61f3b0f48,John Olsen,2023-06-13
610,8b95279a-4545-414d-bbb4-f8998a6b3439,Haley Marshall,2023-06-06
611,6f834442-ed0e-4440-ab24-5f3ce44de54b,Shawn Harding,2023-04-25
612,61b41fd9-4211-4ab6-9c95-e9cbe58361e2,Sherry Johnson,2023-01-22
613,4cc8d112-c52d-4689-aa27-92a795e3968b,Charles Graves,2023-03-29
614,6236790e-bc97-4de6-b3c9-8957aacf2ad7,Lindsey Calderon,2023-03-18
615,122fc7cd-c02f-4166-830c-aee41ba52f2a,Ana Vargas,2023-10-31
616,b7dfce93-158b-4215-b3af-f55372f4b984,Amanda Rodriguez,2023-02-23
617,569fc83e-72cf-4296-a07b-f7f09a15cd03,Jessica Scott,2023-09-30
618,9801a3c3-7a95-4ca3-8c51-c1c760c9b9d8,Cassandra Stephens,2023-10-08
619,007fd8e4-636f-4f89-aa0a-60fcbf4e4cea,Erica Reyes,2023-06-19
620,5e48dcdb-04e0-4303-87a7-f628c97406bc,Wendy Maxwell,2023-04-23
621,28a23fcb-1381-4e32-a069-fe3633fe975b,Christopher Carter,2023-02-23
622,70a3b131-a37a-49d2-a7cb-ea72e5109008,Andrea Ferguson,2023-01-11
623,3fb9b2c9-5d50-4750-86de-bcacd5f88094,Ryan Blackburn,2023-08-14
624,865ce48c-8951-4d23-99aa-fa046cade9d4,Claudia Kaiser,2023-01-18
625,d821c528-f1b0-4242-a241-815cbdb8dd10,Jean Pierce MD,2023-09-30
626,bbeaec4e-28e7-48e0-b3a6-aff79a0da502,Amy Miller,2023-06-20
627,bb579c11-53b4-4631-822e-9911ddeb37d5,Cynthia Campbell,2023-07-04
628,733e5467-c466-408e-ae0d-583b5492b849,Ryan Baker,2023-01-19
629,268e1338-2760-4412-861b-18996071e0b4,Jennifer Martinez,2023-05-05
630,b22ca0be-bbb8-4e6d-8cb6-0b505a9bcb15,Dawn Alvarez,2023-05-07
631,4fffcf8c-8b82-4f10-b93a-c1995c7a099b,Angela Williams,2023-02-13
632,64197849-2733-46d4-8b04-026c5439c39e,Linda Figueroa,2023-10-20
633,99e99900-70de-4763-8680-0374822615aa,Nicole Sexton,2023-09-07
634,038e03b9-c3a6-44c7-b1e0-7331595e3bb6,Evelyn Rodriguez,2023-03-01
635,a10a98b2-4841-4ca8-8b4d-7e5db5dd60af,Kimberly Mcguire,2023-03-18
636,714df10b-8e62-40a9-9ce6-fcbd769ae708,Kimberly Carter,2023-10-12
637,07b59cfa-308d-469a-9952-bd4adeb90964,Sierra Duncan,2023-05-03
638,0ed72e02-c1dc-4109-a068-cdcc9c451b02,Brian Smith,2023-06-25
639,21893703-cac8-45c4-a43f-f409f7789bb5,Thomas Riggs,2023-01-16
640,fc356ec0-d26b-4c5b-853e-aebb9a3707e0,Catherine Fuentes,2023-06-07
641,abd0d5bf-ed6f-4e85-81ee-ed0432af3282,Mrs. Ashley Kelly MD,2023-10-13
642,0dede36a-388a-45ee-b0be-011e3184e076,James Taylor,2023-05-31
643,c1fb6fcf-3e34-4340-9fec-06377ed6ce9c,Derek Smith,2023-01-23
644,1f2127d3-daf5-48a2-acb9-8524c8004a42,Michael Gutierrez,2023-06-02
645,32816375-4543-48c0-9007-dccfc5cba97d,William Livingston,2023-03-16
646,0d8848b0-3f44-47c0-b5ab-da8e8136f472,Kelly Smith,2023-01-30
647,704785b7-0ca2-4272-91e4-2e6762c9f47c,Troy Thompson,2023-04-18
648,aee69bca-a1f7-45b6-a4b6-6e7a5016f5cd,Diana Pacheco,2023-07-14
649,84826a39-8069-421f-b718-b4f512e73697,Brittany Powell,2023-06-26
650,c4cf3612-66a0-4238-968f-9d26bc2e917a,Julie Chavez,2023-03-29
651,7dd09f09-f791-431c-b7ca-a2b2d8fb556e,Amber Cox,2023-07-24
652,de74e88e-365c-4f65-b4df-041d832cc3d7,Curtis Reid,2023-08-24
653,e10b21e9-5489-42d9-9798-0a93bfe8abbf,Kathleen Best,2023-09-11
654,0d315b7e-2630-431e-9961-da880246d3c5,Julie Chapman,2023-04-01
655,7aefe41f-5ff8-4972-aaad-ebc272c6b1d9,Christopher Brown,2023-01-20
656,064c4946-162b-4210-93c5-c08395f875dd,Javier Francis,2023-09-21
657,f09db4b7-8881-4591-bdde-b81643bac153,Deanna Johnson,2023-09-13
658,4924e98b-a9f2-4d92-b1dc-3794420e31da,Heidi Chen,2023-01-27
659,089dfadf-bd2c-4194-ada7-b750422c8d67,Elizabeth Collins,2023-01-08
660,48cdc3a4-e459-47a3-afb0-ae7836540ccc,Jessica Odom,2023-10-13
661,98d25236-82ce-4011-8b15-39b5e44ee810,Brandon Herrera,2023-06-17
662,6c3c7b1f-0c86-4400-a7a9-44237fee4fb2,Heather Hunter,2023-07-03
663,7776690a-a806-4227-bd09-d9602852e64a,Lindsey Juarez DDS,2023-10-11
664,3132b893-70c5-48c9-9df7-1246d7157b2c,Gregory Diaz,2023-08-21
665,25197165-d96f-4a92-9727-5e3952561b64,Dr. Brandon Higgins,2023-05-21
666,cadacad0-455d-4235-aa4f-76e2a442b60f,Kenneth Owens,2023-06-21
667,a66f9eae-7e2a-4ea4-ad31-928ac949d807,Alexander Leach,2023-06-17
668,1a326da1-4df3-4b7e-b3d6-a55e66985abc,Antonio Gomez,2023-10-12
669,fe0c6217-6c77-4d33-9791-bbb27c179959,Justin Crane,2023-01-18
670,a22663cb-4d05-43c8-b6b5-ca7d43de4dd8,Kevin Hensley,2023-08-05
671,cce959ed-7a85-48a4-9a52-766f7f57d37d,Bianca Dawson,2023-10-02
672,5415b530-1265-414e-8465-1bce304693c8,Ruth Jones DDS,2023-03-05
673,f7e58769-ee23-4f9b-9a1e-edbbe21605c7,Jamie Cox,2023-01-28
674,8be7ad68-d6c2-476a-9eb1-afcb8e22fb9d,William Anderson,2023-04-26
675,dc83faf3-8ca3-42b2-953b-78e622ea4a2b,Dylan Walton,2023-01-30
676,608fff66-848a-4d24-b944-c7c9a561daa1,Derek Johnson,2023-06-25
677,0b73362d-9b70-4b65-b350-1115da6e43e6,Brandon Black,2023-05-28
678,e2d6b469-d4c3-4bd9-827e-2fcd5d5d57ea,Jeremy Bishop,2023-03-02
679,afb7131d-02e1-488b-8448-2ebea2275cc8,Sandra Espinoza,2023-08-28
680,0497f8d4-2ba6-4cb8-829a-77c21ced673c,Aaron Harmon,2023-06-23
681,15a4542f-50b9-4c3d-ad21-bac077284055,Mrs. Bailey Thornton MD,2023-07-22
682,8905c1e9-539c-4bec-82dd-fd458e93378d,Lisa Shaw,2023-03-08
683,11262a27-aaf4-411c-849d-7da439aea5cf,Nicole Blackwell,2023-07-08
684,1eb8a970-e6ab-456d-86cc-30aed2408a7e,Alan Rosales,2023-05-04
685,77ed8f2d-b748-4d46-8a8d-f538d6df22a8,Stephanie Lang,2023-10-08
686,c04d43aa-f1a9-4790-b5f4-854b31dbab6f,Laura Morrison,2023-03-27
687,7a407d20-7edf-43fb-81a2-67f7805c575e,Mr. Shawn Bailey,2023-10-23
688,0715bc0e-433a-4eaf-a215-b969e7f910fc,Jerry Mendoza,2023-04-03
689,9005872f-9b7c-4fe0-ac3e-216b873b86ab,Samuel Marshall,2023-03-13
690,16cadcc2-3ed4-4c47-87b1-6ccc5f6f0005,Michael Taylor,2023-01-11
691,ff5393ae-ce36-40ea-be36-c3b0d7154670,Stephanie Patterson,2023-09-30
692,cac431f8-d9e4-4bf6-9cad-97417c9d9934,Lori Reese,2023-09-23
693,22bf85fc-2ab4-4a01-80f5-02f2fa58a3c9,Wendy Jackson,2023-08-11
694,1c46afe4-870d-4bf0-8ee7-ea3a5a7a4372,Daniel Williams,2023-02-17
695,33ac4846-2633-4d24-b22a-f40cb946baa0,Thomas Warren,2023-09-18
696,98c0b416-0f17-4fa8-9a58-ff16c7167aa7,Thomas King,2023-08-19
697,c043e578-fda6-4d9f-a658-ef5d3a3433eb,Jared Kim,2023-01-18
698,1412dd90-83b6-4138-a4db-17a006854e0d,Sarah Parsons,2023-11-01
699,beec8a5e-dc55-4169-a79e-68c0eb17cb57,Connie Carr,2023-09-09
700,98777c4c-5e1d-48fb-9a2c-7b8cf798bf71,Jeffrey Pearson,2023-06-13
701,867e8d37-c6f6-4db6-a3c6-d1e6355e718f,Matthew Leonard,2023-11-05
702,f7200213-e77a-474c-9cce-acb346866a84,Ronnie Wolfe,2023-03-05
703,c825777c-6b24-4f74-88ec-be1aca5af1fb,Katherine Krause PhD,2023-09-25
704,2d3f8762-8624-4569-89fa-6e9fe0d87e9f,Jennifer Santiago,2023-06-18
705,e7b4cba5-738b-4bed-a318-9e11014bbf45,Angela Fitzgerald,2023-02-09
706,f7acce13-3736-47a3-86b9-9868e5f3d0ea,Regina Smith,2023-10-04
707,9c6cfab0-9e9b-4eec-bf12-20ea5d8d819a,Debbie Evans,2023-02-28
708,f2dca605-643c-4be5-953b-d2cc637f6c90,Kevin Velazquez,2023-07-04
709,68284d1b-e1ec-4ee8-91bd-d3e439448ab8,Ian Brown,2023-07-31
710,7e9f7a2e-d6b4-4231-9cd3-d44906a4cadd,Ariana Shea MD,2023-07-21
711,63e37cdc-04f0-4b82-a266-cbb61e62443d,Jose Morton,2023-10-16
712,ebfc6456-72f6-4026-9b34-d6233995bc78,Maria Stewart,2023-01-10
713,4049a569-13dd-463c-affc-5b2ff793f0cd,Nicholas Lopez,2023-10-21
714,84080178-c2f6-48ed-aea9-e9db33e46f60,Matthew Lopez,2023-01-14
715,2dfb2df7-a831-4ba9-9e15-6ce5fa9d9ef0,Robin Navarro,2023-09-01
716,cad5d7f6-623f-4081-a015-7060cd14645c,Victoria Arias,2023-04-08
717,496cf73f-283c-47bd-9f5a-6eb1b08ea947,Abigail Wong,2023-05-17
718,dd46a06a-69d0-4ddd-94fc-fdf49caa02fb,Jennifer Clark,2023-08-08
719,f5d9516b-1dd0-4ab0-b46f-afb0f5c7b186,Tyler Cooper,2023-08-23
720,95492032-4654-41ef-bee7-95591b10a901,Philip Mosley,2023-08-16
721,2bb51b26-9dea-4e52-b702-c451c352789b,Ashlee Bowers,2023-11-01
722,5a23d5d2-9953-44d3-9ade-e83a0df61666,Lisa Holden,2023-04-22
723,f605b3f6-4c99-48d9-be6a-e315449fdcf2,Richard Owens,2023-09-04
724,e8beaecb-433b-4e8e-9863-c2af4b112648,Sean Pham,2023-06-21
725,c2bd72f1-54b7-47ce-b16f-bc5f075a46f5,Stephanie White DVM,2023-01-31
726,8768396b-17f1-46af-8693-3066a04cb18a,Richard Harper,2023-09-15
727,4fb8d968-b532-4b8f-bf63-e44c0c1f2a63,Tyler Lee,2023-04-07
728,1a611c3f-246a-4ae2-94a3-e62b008c7446,Tammy Gonzalez,2023-04-13
729,bfff92e9-977e-428f-8bca-90eb9cfb96a4,Kirk Mitchell,2023-05-01
730,07ee33d9-e38d-45b5-89e8-34829d9f9ce6,Teresa Webb MD,2023-09-09
731,5a6921cf-7956-4e77-90ec-89b413d000af,Anthony Lopez,2023-03-21
732,2b9ff269-402d-4ba4-80cd-bbf47f99d5ac,Samantha Johnson,2023-10-01
733,36148b25-fac9-4856-afd1-7616ed016367,Michele Hernandez,2023-03-12
734,b4e88f61-f12a-46a8-af9e-5855cb373268,Daniel Johnson,2023-05-14
735,d7ae24f5-bb56-4873-8dd5-957056921519,Elizabeth Martin,2023-07-12
736,a5b8c1f1-4762-4358-ad6f-decede143e1f,Jasmine Rodriguez,2023-07-05
737,1dda378c-11cc-41a5-90e0-b251135b5c0a,Dr. Chloe Rice,2023-03-16
738,4ca71e5f-ae2f-442e-94b0-6d3170ae4eff,Mr. Christopher Lee,2023-09-04
739,ae007adb-ef78-4860-9f77-10dfd8126e1b,Regina Nguyen,2023-01-21
740,da6d1033-edf1-4246-8013-54a244e96392,Alexander Barber,2023-10-25
741,539842e3-59b4-4486-8cce-a98bcbcd5ca3,Samantha Rivera,2023-05-31
742,2657d304-5d8a-491b-991f-513db040ae17,Jim Anderson,2023-09-24
743,9a3031f8-54e4-4093-99f6-bc3ce4ee4d12,Russell Hoffman,2023-01-14
744,241055c2-76fe-4dd4-b6f3-1d71d49ed65f,Elizabeth Stone,2023-02-05
745,792093b9-2473-43cb-a13c-220e0ff4c185,Jimmy Terry,2023-02-17
746,39c9a295-55f3-47c4-a5dc-c5a7c894bcf6,Tamara Hickman,2023-03-21
747,ecaaaa47-99ae-4e92-a8f3-f55ad4a13ab2,John Ross,2023-02-15
748,60c4d6bc-933d-4f9e-907c-4c8e2852a916,Erin Martin,2023-10-13
749,66900249-3598-4357-840e-3b68af21c9a1,Jose Smith,2023-04-17
750,63c1a42e-0988-4384-b707-2f5f93f1d4e8,Samantha Good,2023-05-11
751,7ba7486a-e4b7-4d47-b041-7baecfbd86f0,Jessica Jackson,2023-03-14
752,522fdd25-4905-448b-a5d4-a014ff6a00fd,Christopher Wood,2023-01-28
753,2f1e075b-3ab1-4787-8c1f-258dfb21143a,Michelle Lester,2023-01-14
754,a1b90fa0-1ee1-4d3b-a7fc-7f4a6dbc9e09,Michael Hoffman,2023-10-17
755,5a17d373-f354-4f87-b4ba-12bed2e6bf26,George Irwin,2023-08-27
756,482f2f67-6772-4fa6-8718-0f0042158ec3,Janet Peterson,2023-04-22
757,ec5a825a-9be5-4a62-a57e-a1aeb51cb6cb,Kevin Potter,2023-10-25
758,07fbb1d8-7b6b-4854-9b88-15c34e48d887,Michelle Mcdonald,2023-01-02
759,6f89dee8-816d-4275-955a-a7dfa5e62e1c,Shawn Torres,2023-07-07
760,44cc48a1-014d-47be-9d39-16153a91f600,Chad Davis,2023-06-10
761,50c78e40-798c-4e59-bf13-50e3ce145d6f,Leonard Middleton,2023-03-16
762,346be0f7-cbe6-429f-a0d0-2cbb5dd18753,Pamela Cabrera,2023-01-09
763,8fa783c3-733b-49c4-9028-b1455f196c52,Angela Flores,2023-01-20
764,fb8e81b7-ddc7-4ce5-ad38-0257d5b18637,Michelle Holder,2023-09-11
765,a6ec08ba-e269-4b91-ab82-137025978d93,Robin Mccarthy,2023-07-22
766,f7873319-57c2-4e1f-b06e-2ebb954229fa,Walter Weeks,2023-08-15
767,f5fbe1cf-c317-48d2-bd1d-b3a218cbe957,Christine Diaz,2023-07-21
768,09160a28-af2a-4109-b647-c1995853b003,Angela Harvey,2023-05-23
769,74ca4d95-ad7d-47a6-847a-f53af237e2cf,Cody Stone,2023-10-06
770,9d8562c1-d4ce-4417-9db6-9d8fba594793,Thomas Smith,2023-10-18
771,1eb7304d-02cf-4f24-9e3f-64302b4e82b8,Todd Becker,2023-06-24
772,c5cc33dd-f60b-45c8-a7b7-6adda1789321,Matthew King,2023-07-06
773,269d936e-8862-4715-b05e-fe599307e2e8,William Rodriguez,2023-03-14
774,ffa7225d-7cca-4184-8e5d-fd3a20daa9b5,Ashley Brown,2023-08-19
775,caf58fff-d981-4b0b-8d7b-969ef05a3d57,Douglas Martinez,2023-06-01
776,508d2eba-6425-4387-af0c-8053fc33223f,Miranda Johnson,2023-02-14
777,4928b56b-ed7c-40ef-839a-8702a0382226,Victoria Hebert,2023-02-23
778,21abdf13-f3f7-4c71-836e-f5fce5f2d3ed,John Fritz,2023-08-13
779,d4306a5a-35a0-4799-ad1d-52572b638d43,Bill Brady,2023-03-22
780,fcfa9237-614e-42c4-9ffd-228b07924def,Vincent Lambert,2023-07-29
781,6d2226cd-d07f-4e5e-92f7-36fcc01df9c3,Dr. Scott Booth Jr.,2023-06-28
782,b50017d7-55ed-4a03-9840-42a2a7ef1d7c,Richard Moss,2023-01-11
783,6e745881-8365-4b2e-bcf0-ddaa4cb69d78,John Erickson,2023-08-07
784,945bce13-2477-45ea-a7f1-98f5803b9db1,Julie Wilson,2023-08-19
785,117100cb-34a8-4436-92f2-a647edc5c0e7,Michelle Wolfe,2023-03-31
786,829d404a-d25c-49c2-9c77-73cba6834c97,Patrick Bowers,2023-04-04
787,b4eb2e92-e6b3-4415-8162-a08c3fdcc22e,Debbie Mayo,2023-05-14
788,b7fd99f1-20b9-445d-a67f-f0020c196801,Vanessa Golden,2023-10-20
789,c65772c8-c132-4d20-896d-505e978439cf,Michael Hall,2023-01-24
790,cc877696-ca97-4156-8b52-c80f946c3f6e,Matthew Patton,2023-07-29
791,5511e769-fc99-4f33-99f2-4cfbbf42ef80,Barbara Jones,2023-08-27
792,f6bafe52-9954-49fc-ab08-39487d1a33f1,Natalie Peterson,2023-10-28
793,b6c11c2c-fc61-4467-a37d-d94a6d50d433,Phillip Stone,2023-10-15
794,30751775-bcf9-4641-ab7c-be4f381b6cef,Daniel Fowler PhD,2023-04-15
795,b578301f-ebfb-4ce8-870f-a4b5ff0cdc99,Robert Macias,2023-11-02
796,569b7438-13df-4165-969f-269cba62311d,Victoria Patel,2023-08-22
797,2aee7401-413e-460a-9f7b-4fc2252df238,Bryan Alvarez,2023-07-14
798,f9391ad5-9f43-41a2-8975-6d0d8b00a018,Cody Richards,2023-02-17
799,4d8491e6-1b4b-46ec-b67f-2ea6ad5b9c1b,Kimberly Cummings,2023-03-01
800,04991f75-f31c-4965-bfca-f0056aa497a8,Dana Lee,2023-04-12
801,9dba2119-9ae3-4ff5-9479-30ed6430bb3d,Jesus Mccarthy,2023-07-15
802,009cd01f-6cfe-4837-aa93-89c760103d18,Cindy Davis,2023-07-10
803,7abea8f2-99a3-49b0-8c11-93bd551623e7,Jesse Haynes,2023-07-24
804,09e68a33-e20b-4ce0-af13-9e75c90ea542,Elijah Riley,2023-11-06
805,f424af19-c073-45fd-9911-1cc83812f334,Sarah Smith,2023-09-13
806,ebc69199-4a44-4a8c-a35b-5510dd30cf14,Karen Sanders,2023-09-16
807,432796b1-879b-4d86-a2f0-bf052d40b5b9,Alyssa Hayes,2023-01-02
808,6681469d-5b5d-4b1f-a671-34176c24c0e1,Steven James,2023-04-16
809,1d3097a1-9331-4d9a-8c3b-2413dadb7cfe,Tamara Hernandez,2023-06-29
810,7d235df3-9387-4d5c-8485-6983721957f1,Jonathan Dominguez,2023-03-17
811,5120f43b-45bd-4fdc-887f-a9e6c55c0f30,Larry Rivas,2023-08-01
812,23b4e1ea-cb2b-4e45-adb9-13f3ca122294,Valerie Kemp,2023-01-11
813,c7010a92-3413-46fa-85ec-9ecf82e5ca59,Sandra Leach,2023-05-25
814,2cd9ae0d-41a6-4468-b2cd-188000d96f0d,Susan Alvarado,2023-07-08
815,119b7a3c-5116-43af-bade-48f0b18b9e9e,Ralph Stokes,2023-07-14
816,f220073c-bf79-4d58-8ab4-e2d6a85c74b9,Alice Johnson,2023-05-24
817,ce0534c1-4b63-4c1b-9ef5-22d1cb7b095b,Robert Durham,2023-08-04
818,951c8d17-f119-43ee-951c-800838be7528,Amanda Garcia,2023-08-22
819,15bd4bf5-7f48-42b8-954b-8c493f78af19,Brenda Gutierrez,2023-09-25
820,677da685-9f55-42b1-a3f1-cb1ea9a0b016,Chris Stanton,2023-10-11
821,72ae238c-2128-48f0-88ab-5762aba18890,Heather Romero,2023-04-29
822,c3b69409-bfe0-4e8a-bb00-697cf137620a,Cathy Bird,2023-10-12
823,a7d69fbf-5c14-45e0-a446-13f1e194d11e,Crystal Thompson,2023-06-13
824,048e2c1e-b9c1-4468-a7de-a3f27be808fc,Janet Andrews,2023-08-20
825,835b393d-7a3e-4ca3-8850-abd5132d4fac,Erin White,2023-11-02
826,30d21873-18d4-41ff-9fe2-43d5d5a51407,Daniel Sanchez,2023-01-14
827,e210c781-40ed-46f4-af92-9bee491a24ca,Jack Garza,2023-05-05
828,2479bafa-2d86-46ee-8af7-bd9203418148,Kevin Allen,2023-01-29
829,365f0a04-90ef-4486-a94a-3cdd320c8dc1,Carolyn Carter,2023-01-24
830,5233317e-c786-4086-a241-c2c7cc2fcd87,Larry Davis,2023-08-23
831,05e7a348-989b-4a18-9bd3-690c25a6c58f,Jacqueline Hunter,2023-08-28
832,8c72cc3a-209b-406b-b631-048ff1cc31d1,Dawn Christensen,2023-01-02
833,6fba8709-2b82-4108-8c2c-8accfa9e4107,Shawn Vaughan,2023-07-26
834,8ac20342-4c33-4e73-967b-6ae84c7b5254,Rebecca Nguyen,2023-08-14
835,38b25298-2280-4c99-bbb0-2241bf0873a4,Karen Mccarthy,2023-02-26
836,084d7440-a8f5-4f6a-bd16-133b8c8f25c8,Justin Miller,2023-09-09
837,a3d19fb9-201f-49bd-afa0-c19a15b0242d,Stephanie Ayala,2023-07-08
838,fdeef779-3f80-4525-bdb0-1fe9083cd87a,Christopher Hoffman,2023-09-04
839,fe1cca26-b09d-40aa-812c-3ac53efc1c07,Clayton Jones,2023-10-16
840,b92c2afd-63fe-4f6d-a2c7-f26dc2e0bc1d,Dylan Stuart,2023-10-13
841,dbd15a64-dc38-444f-8f93-a02c7f40a02b,Kyle King,2023-10-15
842,ff757c70-cca5-4391-911b-58dd8006ae95,Jamie King,2023-01-14
843,b1fd2692-0acf-4979-947d-1db977291f28,Stephen King,2023-10-25
844,954a9ee4-0a50-44c6-bc71-a9500e4a05bf,Ashley Bates,2023-03-29
845,f2be4d05-82b1-40e0-ae27-6f672cd3ea0a,Jeremiah Salazar,2023-08-16
846,7616f526-74b7-4020-806a-503fd9ac6459,Christian Anderson,2023-08-14
847,462122a0-9c14-41d1-9978-9a2ffd2b4392,Michael Phillips,2023-06-18
848,0075a938-86a7-4dee-8bbf-5c29ad0e4c6d,Wendy Herrera,2023-04-06
849,31134d93-43da-425e-b2de-51a6e30245d9,Paula Hamilton,2023-01-07
850,1823584c-07ad-49b1-a4f3-312f3665ac5a,Christopher Wood,2023-07-31
851,e94b1bce-4374-4ffd-aa8b-f7b2dc9a62b0,Michael Stephens,2023-09-27
852,bf35b244-2b4d-4e69-b511-86783d7d6b22,Tammie Jimenez,2023-03-04
853,69c0ecaf-b380-4987-a09b-3e68bd7435ec,Robert Smith,2023-10-08
854,66f12c20-f4e4-4a06-9a11-c736a4f967b8,Brandon Hunter,2023-08-13
855,d2c72b43-70d6-4c50-8793-8699454495ce,Sheila Taylor,2023-09-13
856,0ac146ea-ba28-4cf2-87c7-0b690bb20823,Mary Martinez,2023-04-07
857,c3904a5e-c23d-4439-9e62-18cb60a18032,Zachary Barron,2023-10-02
858,d95bc56f-3537-4cef-bf78-71cdd05f2cad,Thomas Hill,2023-09-03
859,82207253-f399-4287-afa2-b8e8aa1425b8,Kelli Reyes,2023-03-28
860,7a38259a-4a4a-49a9-b37a-70e190fcd402,Stacy Weber,2023-06-12
861,972a20ca-9713-40b4-85e0-c4f78494b48d,Sara Taylor,2023-10-31
862,cdd63ee4-dbde-4d96-8f8b-1490b747beca,Ashley Spears,2023-06-25
863,cae16e6a-e36d-41da-af45-1498bd1037c3,Danielle Shea,2023-03-13
864,5cda7f72-9d0e-489b-868f-ed0368335e16,Eric Giles,2023-07-22
865,479b15da-ff7e-49ae-b316-9e760f2b1f38,Jason Williams,2023-08-02
866,047c6b88-7e8e-4190-8f0e-e3e0eb6363c4,Victor Snyder,2023-07-08
867,9c901d27-bfca-4b40-be4d-8609b351a743,Andrea Burke,2023-10-09
868,28a79120-8423-4b31-a14a-7daf19b5084c,Patrick Frost,2023-03-08
869,d4887892-2607-4a13-ab91-4fd54b575f3c,Mario Hoffman,2023-02-27
870,08353d1c-7eef-4c80-9213-dc2fb2ce6137,Marcus Lamb,2023-01-24
871,b36fe358-ee48-4375-8712-23436bde9b7c,Richard Allen,2023-10-28
872,acd65b2d-cc22-469c-a2e8-029b3952923d,Taylor Davis,2023-07-11
873,655bf968-dc22-4042-ae98-b9e349f7deef,Crystal Payne,2023-10-26
874,cf4e039d-60bf-4e8e-b6e0-b34375bd71ca,Megan Wilkins,2023-06-01
875,6269d2b7-bef2-43c5-8b20-8fa083f5bfc5,Robert Sanchez,2023-09-13
876,ca919032-d779-426c-92f1-c3bd28ad777d,Frederick Evans,2023-05-19
877,a0e215e8-48ca-4741-a024-da919d0b42ca,Thomas Craig,2023-10-02
878,ec4bf1b7-3e9a-4447-8879-4a30e439aa66,Ernest Black,2023-08-04
879,8326ac9f-0ab2-42cf-bf8b-71844f96a393,Lisa Ingram,2023-11-04
880,4ecfafae-94b1-411d-a450-887b8fc84d6b,Michael Pace,2023-03-01
881,58f364d2-bdb3-4794-bfa7-9eb3d506f425,Joseph Butler,2023-06-05
882,dae804d2-47d2-4e60-a8f5-2c4f57dbfd49,Caleb Bradley,2023-05-06
883,ba3916bb-8341-409e-bf5d-534b6ce979ad,Jessica Bush,2023-03-07
884,b5e23212-bbc4-428f-aeb3-d48fd7887938,Samuel Jennings,2023-07-28
885,32054c4c-2451-4d50-9b50-6a7e7a0057fe,Cynthia Calhoun,2023-03-16
886,58b08dfd-6aa1-41bd-bd76-7ad0249ccc84,Paul Smith,2023-10-27
887,27dd59fb-861b-41c0-9607-74a2bf9d6257,Mitchell Kelly,2023-05-07
888,b7baf673-50e9-46c3-991c-3b60c062ffc7,Brett Rogers,2023-06-11
889,f124a727-8f82-40fb-9c84-e0b7796343a5,Jenny Clayton,2023-02-18
890,55cd26ee-b62c-4722-a121-5a15067d681b,Ashley Bean,2023-09-16
891,7348a2ad-75fc-47df-8047-97003ce1f402,Anna Rasmussen,2023-08-21
892,b315219d-26b7-4cde-92a9-a6406174b7a5,Brian Dunlap,2023-02-26
893,f9cab0f0-101b-436f-8722-27970dfc04b3,Thomas Rocha,2023-11-11
894,41c7c610-0a12-4c09-b943-d36c7cb62e8e,David Ramos,2023-04-07
895,29136330-1e53-4dfa-8399-d278a0be1434,John Cole,2023-08-06
896,b88ee71f-998d-4f32-8874-f899f93f22c0,Elizabeth Higgins,2023-07-08
897,7fd42990-843a-4746-9eb6-d4261a42a1ba,Maria Morgan MD,2023-10-11
898,f4a302a5-e80e-40b3-bd51-bc0db4836346,Julia Sutton,2023-10-26
899,bebf7274-8d5d-46b0-951d-574692d42dfa,Latoya Smith,2023-06-03
900,1be5427f-261c-4f29-8071-569f2c3a3275,Peggy Braun,2023-11-02
901,9a6d8b17-5268-467d-b480-6afbf29187c0,Lori Harris,2023-04-13
902,a77cbda0-97df-4266-8ccb-c7fc4b801b3a,Dr. Joshua Delgado,2023-10-27
903,4cf5dbaa-c0d0-4b38-8e9b-c145c9176073,Sarah Williams,2023-04-19
904,efdc872b-20d6-4d7d-9a41-5b4ef74c5811,Meredith Buck,2023-05-15
905,b66eff92-7f14-4fe5-b0a5-d609cb9b6dc0,Martin Payne,2023-05-08
906,c0c76aba-630f-403d-95cf-4047a269027f,Susan Perry,2023-02-28
907,1ce33fff-1505-481e-859f-197e5a6fb321,Diane Jensen,2023-03-07
908,9497cb8f-1a17-4820-8907-5b1400365937,Jason Cook,2023-01-13
909,c184bd14-2970-4c99-8c3d-9473c0f7fa43,Michael Allen,2023-06-25
910,83b99aa4-4f1e-4746-af24-e5e3cd2e7b61,Jennifer Horne,2023-06-08
911,07c1a964-aa41-4307-b210-0807ef8af998,Stephanie Roberts,2023-05-05
912,26469149-90cb-47f7-8940-43a414dbd96b,Joanne White,2023-09-30
913,9efa4008-ba12-4ba3-ae1d-717d4271c038,Patrick Johnson,2023-05-13
914,068419c1-9663-40eb-8782-5f5f0aefbd21,Brandon Young,2023-03-15
915,818ad0f0-5757-495f-a5e7-e3c25abdbe70,Andre Townsend,2023-04-12
916,3595e96f-8de4-48e7-ba1e-9a0537fd836a,Steven Nielsen,2023-02-18
917,5012761e-264a-479e-a5ff-99ae9836a8d1,Michele Manning,2023-01-14
918,783f64b2-a68a-4154-a86b-2ea893a852ee,Amanda Park,2023-03-30
919,26f74551-dbd2-4144-b9b5-1e69ddb6795a,Joseph Anderson,2023-04-30
920,a424c663-34fe-40a0-ba14-9bdb7fadd473,Adam Adams,2023-08-28
921,539b60fa-b0a6-46ef-b2a9-3852002c9d0c,Adam Sullivan,2023-09-09
922,6a002398-95f5-4cf9-b968-7d430dd1ea7b,Michelle Spencer,2023-08-20
923,245e9d59-80dc-4208-80b9-3b5c7d72507b,Shawn Johnson,2023-05-20
924,6ece3a58-7bbe-488c-adb4-74fd4a215756,Zachary Jones,2023-01-22
925,fd47b38e-ae2e-42b1-9718-be2e732e63b6,Marcia Williams,2023-01-29
926,9440b17b-3625-4f7e-8c62-0ce723a8106d,Calvin Hall,2023-02-04
927,bddf6b95-0b82-43df-a1f7-f9213e7c40a6,Steven Ruiz,2023-05-14
928,3f93af8d-fdcb-4ccb-8fba-28d9cab1c7e6,Lisa Wilson,2023-06-13
929,f2bdd22c-4177-40c0-b9f3-b2036287ccc0,Nicole Butler,2023-05-27
930,28cef230-42a6-419c-8714-6e9f26ccba91,Brandy Davis,2023-10-30
931,e405a61d-6e08-487a-93b1-70fb2a5ecd22,Luke Phillips,2023-08-15
932,b649b91b-315d-41c4-8fb0-cb98b9e9a583,Jacob Martinez,2023-03-27
933,41b227f4-288a-4a29-bc32-6bea50cd5ac4,Kimberly Lowe,2023-03-14
934,0f475a30-a385-4962-b47f-b818766012bd,Christina Clarke,2023-07-16
935,589bc388-655f-44e1-9cfa-b1e67074ee34,Sarah Ashley,2023-01-13
936,536681d3-7f6d-4d35-8d57-c81a31e7f870,Kimberly Terry,2023-04-12
937,ce023a3d-f1d4-47c7-9fc6-5d3ef502a7fb,Michael Yang,2023-05-15
938,4f41cc16-2b53-4eea-b12d-9d529e2edd42,Melissa Wilson,2023-04-13
939,46a96775-ce5b-4fad-9f70-0905d1c4444d,Ashley Day,2023-05-09
940,72c4fa97-b90a-49f7-8230-bf7f789bd93d,Gregory Lopez,2023-06-20
941,731b154f-19ea-4727-a18e-ffbc8c40680b,Andrew Adams,2023-05-04
942,66bd3305-9000-4cc9-b1b4-eba64e9c31a9,Theresa Sullivan,2023-02-07
943,0ed3e8b8-89f0-4e26-9a88-2ebb187d60b2,Anthony Collins,2023-11-11
944,9bb25627-0b48-4107-bece-463c6579ae73,Bridget Price,2023-05-09
945,e1302831-651a-42b5-a922-a4b8996693c1,Lori Randall,2023-03-09
946,7c86a9ae-3626-4af5-b66e-aed45dc57ae9,James Green,2023-04-08
947,537f0065-a659-41b4-8d78-fa20c99f12b0,Randy Rogers,2023-03-26
948,304100f8-8f3c-482d-ab5b-70ce993b2f90,Mary Conrad,2023-04-04
949,c994d68f-a919-4090-8174-5176e23370c7,James Johnson,2023-04-09
950,0fcacbf5-7b5d-4fce-bbf9-a976d34c5c86,Brett Moreno,2023-09-29
951,704d35a9-6184-4eaa-942b-f04307ed7ef8,Ross Campbell,2023-06-13
952,63a2b4b3-2a98-4b81-b45e-5d46531abd4d,Mary Paul,2023-07-04
953,5b9a540e-16d1-4fee-b7e3-a211b602d523,Bradley Anthony DDS,2023-09-01
954,13fde97c-6283-4207-bafd-dfaf927b3f9a,Alicia Cooper,2023-05-05
955,47bcac94-c958-469e-8b11-79d80e22bdd1,Adriana Coleman,2023-01-07
956,5146ba6a-1b22-4160-bfe7-f5456359ab6d,William Li,2023-08-10
957,b9d818f9-82d0-4c7d-be1f-e3cac112404a,Eric Hatfield,2023-04-24
958,6dadfc11-d7a0-48da-9de3-28fb9b760368,Mary White,2023-04-07
959,1ea63335-ec80-4ec5-af9c-da499516b5bb,Jasmine Bonilla,2023-04-19
960,b700cc82-caf4-42b3-99d4-5e5e4a0d16e9,Maria Adams,2023-02-23
961,2a91afc8-2432-4ab6-83ff-da297edef178,Tyler Ewing,2023-07-13
962,e4386036-ec3e-47e9-a347-52273c2e6563,Veronica Mckee,2023-06-15
963,b368189a-4b52-460d-baf7-21bcae84ea52,Emma Lee,2023-05-10
964,1a0a4e02-d747-4ee0-ad4e-2fed7af5c98c,David Carter,2023-04-21
965,3e898d43-5a3b-4591-831d-a43705110600,Kerry Ruiz,2023-02-20
966,aa819078-c04e-436c-8801-304458ad6932,Regina Gordon,2023-03-09
967,e95a7e0d-17ec-48c7-aa89-9650c46a6bea,Leah Hall,2023-07-24
968,eca36cad-f61d-465e-8cb0-72bcd2d4623a,Michael Collins,2023-08-07
969,d7ecbcc9-eecf-4816-90ea-efd312d31224,David Garcia,2023-10-28
970,cf672dd1-8f8a-483b-b031-8e51071cc4de,Toni Garcia,2023-10-19
971,8c6b41db-981c-4b0e-be6e-aec4f7513204,Joseph Johnson,2023-10-19
972,370eaae2-1bba-4fde-809e-fbc2ca9fbda2,Michael Anderson,2023-01-13
973,3cb8c676-fa54-45a3-bf6d-50e17836fb42,Melanie Sharp,2023-11-11
974,1590acdd-0cba-4801-8b36-5611e3db02a9,David Sullivan Jr.,2023-10-28
975,84e15b70-dadd-427a-98d3-17fe92a76a1d,Kathleen Gray,2023-10-08
976,d26789af-4a31-4599-aabb-a5f86972d2fa,Amy Fletcher,2023-09-21
977,6efad9b9-f635-4c90-9cd8-acc25a7a9cf6,Mark Garcia Jr.,2023-03-01
978,21a19478-af65-4dec-90f9-83bc0e7fb4fe,Monica Peterson,2023-03-21
979,88bfd6a3-fe23-4f25-8582-397316bef7a9,Alexander Johnston,2023-03-29
980,b8842020-9432-4a64-9922-5b7bc306ddb1,David Oconnor,2023-04-29
981,aa6ae03e-08a4-4cd9-9c51-440245eed71f,Adrian Moore,2023-02-23
982,b7841429-3369-468e-bd13-2c06d50a4278,Janet Robinson,2023-01-02
983,2fb81fa4-fe34-4bb2-9a1b-a32bf071cacf,Christopher Gray,2023-05-24
984,49100436-2990-46df-aa32-c405ec2f747b,Sean Love,2023-09-22
985,02eb3062-051d-4c04-9ce6-3eac35884ada,Chris Weaver,2023-06-03
986,fcad8a31-0011-48cf-a644-b8376c890061,Vanessa Cunningham,2023-07-01
987,ffa4f06f-2a25-4ee7-aa96-297060f86d31,Whitney Gutierrez,2023-08-16
988,5db8e0e8-1139-4f10-9220-7ff578759608,Paula Neal,2023-04-14
989,61d1872f-5162-4df2-98cf-242351ad5641,Derek Gallegos,2023-06-13
990,14d3229e-2458-492a-9e76-fb9045f22c70,Alyssa King,2023-01-29
991,4667e3bd-20b0-479c-93fa-217199a24500,Sarah Arias,2023-07-08
992,c4b19549-0cfc-4366-801b-ec7998bdb83c,Frank Lewis,2023-02-16
993,a6bf7464-8bd4-4b43-b0ed-7647190f4032,Mr. James Kramer Jr.,2023-03-10
994,747847b9-494a-4c8a-b3c9-609863a93704,Kathleen Jones,2023-08-04
995,259289c8-75fa-40df-94d3-e8bd53151014,Robert Anderson,2023-10-30
996,5037a8a2-a230-4afb-9f12-e56171cb3290,Laura Branch,2023-06-24
997,7265c7db-7704-45ef-a743-517fed87e4c1,Tara Hernandez,2023-09-19
998,12625962-8b4d-486d-9f14-c9d4dcdc1d1b,Lindsey Brown,2023-08-16
999,045e5b7c-1faa-4925-b1c4-df11fd1e54db,Nicole Murphy,2023-04-22
1000,b00294d3-6ce8-48ad-90a6-0a5e9bdee297,Lauren Cochran,2023-04-09
